{
    "folder":"./Resources/icon/fileIcons/file_type_folder.svg",
    "folder_open":"./Resources/icon/fileIcons/file_type_folder_open.svg",
    "undefined":"./Resources/icon/fileIcons/default_file.svg",
    "cpp":"./Resources/icon/fileIcons/file_type_cpp.svg",
    "c":"./Resources/icon/fileIcons/file_type_c.svg",
    "h":"./Resources/icon/fileIcons/file_type_cheader.svg",
    "hpp":"./Resources/icon/fileIcons/file_type_cppheader.svg",
    "xlsx":"./Resources/icon/fileIcons/file_type_xlsx.svg",
    "txt":"./Resources/icon/fileIcons/file_type_txt.svg",
    "ico":"./Resources/icon/fileIcons/file_type_image.svg",
    "png":"./Resources/icon/fileIcons/file_type_image.svg",
    "jpeg":"./Resources/icon/fileIcons/file_type_image.svg",
    "svg":"./Resources/icon/fileIcons/file_type_svg.svg",
    "zip":"./Resources/icon/fileIcons/file_type_zip.svg",
    "rar":"./Resources/icon/fileIcons/file_type_zip.svg",
    "7z":"./Resources/icon/fileIcons/file_type_zip.svg",
    "ai":"./Resources/icon/fileIcons/file_type_ai.svg",
    "asp":"./Resources/icon/fileIcons/file_type_asp.svg",
    "mp3":"./Resources/icon/fileIcons/file_type_audio.svg",
    "wav":"./Resources/icon/fileIcons/file_type_audio.svg",
    "flac":"./Resources/icon/fileIcons/file_type_audio.svg",
    "fla":"./Resources/icon/fileIcons/file_type_fla.svg",
    "ape":"./Resources/icon/fileIcons/file_type_audio.svg",
    "alac":"./Resources/icon/fileIcons/file_type_audio.svg",
    "aac":"./Resources/icon/fileIcons/file_type_audio.svg",
    "ogg":"./Resources/icon/fileIcons/file_type_audio.svg",
    "java":"./Resources/icon/fileIcons/file_type_java.svg",
    "jar":"./Resources/icon/fileIcons/file_type_jar.svg",
    "cs":"./Resources/icon/fileIcons/file_type_csharp.svg",
    "css":"./Resources/icon/fileIcons/file_type_css.svg",
    "git":"./Resources/icon/fileIcons/file_type_git.svg",
    "go":"./Resources/icon/fileIcons/file_type_go.svg",
    "grade":"./Resources/icon/fileIcons/file_type_gradle.svg",
    "fon":"./Resources/icon/fileIcons/file_type_font.svg",
    "html":"./Resources/icon/fileIcons/file_type_html.svg",
    "htm":"./Resources/icon/fileIcons/file_type_html.svg",
    "ini":"./Resources/icon/fileIcons/file_type_ini.svg",
    "js":"./Resources/icon/fileIcons/file_type_js.svg",
    "json":"./Resources/icon/fileIcons/file_type_json.svg",
    "jsp":"./Resources/icon/fileIcons/file_type_jsp.svg",
    "log":"./Resources/icon/fileIcons/file_type_log.svg",
    "tolg":"./Resources/icon/fileIcons/file_type_log.svg",
    "mb":"./Resources/icon/fileIcons/file_type_maya.svg",
    "mid":"./Resources/icon/fileIcons/file_type_mysql.svg",
    "ts":"./Resources/icon/fileIcons/file_type_typescript.svg"
}