{
    "toolbox": [
        {
            "feature": {
                "saveAsImage": {},
                "restore": {},
                "dataView": {}
            }
        }
    ],
    "tooltip": [
        {}
    ],
    "visualMap": [
        {
            "max": 20,
            "inRange": {
                "color": [
                    "#313695",
                    "#4575b4",
                    "#74add1",
                    "#abd9e9",
                    "#e0f3f8",
                    "#ffffbf",
                    "#fee090",
                    "#fdae61",
                    "#f46d43",
                    "#d73027",
                    "#a50026"
                ]
            }
        }
    ],
    "xAxis3D": [
        {
            "type": "category",
            "data": [
                "12a",
                "1a",
                "2a",
                "3a",
                "4a",
                "5a",
                "6a",
                "7a",
                "8a",
                "9a",
                "10a",
                "11a",
                "12p",
                "1p",
                "2p",
                "3p",
                "4p",
                "5p",
                "6p",
                "7p",
                "8p",
                "9p",
                "10p",
                "11p"
            ]
        }
    ],
    "yAxis3D": [
        {
            "type": "category",
            "data": [
                "Saturday",
                "Friday",
                "Thursday",
                "Wednesday",
                "Tuesday",
                "Monday",
                "Sunday"
            ]
        }
    ],
    "zAxis3D": [
        {
            "type": "value"
        }
    ],
    "grid3D": [
        {
            "boxWidth": 200,
            "boxDepth": 80,
            "light": {
                "main": {
                    "intensity": 1.2
                },
                "ambient": {
                    "intensity": 0.3
                }
            }
        }
    ],
    "series": [
        {
            "type": "bar3D",
            "data": [
                {
                    "value": [
                        0,
                        0,
                        5
                    ]
                },
                {
                    "value": [
                        1,
                        0,
                        1
                    ]
                },
                {
                    "value": [
                        2,
                        0,
                        0
                    ]
                },
                {
                    "value": [
                        3,
                        0,
                        0
                    ]
                },
                {
                    "value": [
                        4,
                        0,
                        0
                    ]
                },
                {
                    "value": [
                        5,
                        0,
                        0
                    ]
                },
                {
                    "value": [
                        6,
                        0,
                        0
                    ]
                },
                {
                    "value": [
                        7,
                        0,
                        0
                    ]
                },
                {
                    "value": [
                        8,
                        0,
                        0
                    ]
                },
                {
                    "value": [
                        9,
                        0,
                        0
                    ]
                },
                {
                    "value": [
                        10,
                        0,
                        0
                    ]
                },
                {
                    "value": [
                        11,
                        0,
                        2
                    ]
                },
                {
                    "value": [
                        12,
                        0,
                        4
                    ]
                },
                {
                    "value": [
                        13,
                        0,
                        1
                    ]
                },
                {
                    "value": [
                        14,
                        0,
                        1
                    ]
                },
                {
                    "value": [
                        15,
                        0,
                        3
                    ]
                },
                {
                    "value": [
                        16,
                        0,
                        4
                    ]
                },
                {
                    "value": [
                        17,
                        0,
                        6
                    ]
                },
                {
                    "value": [
                        18,
                        0,
                        4
                    ]
                },
                {
                    "value": [
                        19,
                        0,
                        4
                    ]
                },
                {
                    "value": [
                        20,
                        0,
                        3
                    ]
                },
                {
                    "value": [
                        21,
                        0,
                        3
                    ]
                },
                {
                    "value": [
                        22,
                        0,
                        2
                    ]
                },
                {
                    "value": [
                        23,
                        0,
                        5
                    ]
                },
                {
                    "value": [
                        0,
                        1,
                        7
                    ]
                },
                {
                    "value": [
                        1,
                        1,
                        0
                    ]
                },
                {
                    "value": [
                        2,
                        1,
                        0
                    ]
                },
                {
                    "value": [
                        3,
                        1,
                        0
                    ]
                },
                {
                    "value": [
                        4,
                        1,
                        0
                    ]
                },
                {
                    "value": [
                        5,
                        1,
                        0
                    ]
                },
                {
                    "value": [
                        6,
                        1,
                        0
                    ]
                },
                {
                    "value": [
                        7,
                        1,
                        0
                    ]
                },
                {
                    "value": [
                        8,
                        1,
                        0
                    ]
                },
                {
                    "value": [
                        9,
                        1,
                        0
                    ]
                },
                {
                    "value": [
                        10,
                        1,
                        5
                    ]
                },
                {
                    "value": [
                        11,
                        1,
                        2
                    ]
                },
                {
                    "value": [
                        12,
                        1,
                        2
                    ]
                },
                {
                    "value": [
                        13,
                        1,
                        6
                    ]
                },
                {
                    "value": [
                        14,
                        1,
                        9
                    ]
                },
                {
                    "value": [
                        15,
                        1,
                        11
                    ]
                },
                {
                    "value": [
                        16,
                        1,
                        6
                    ]
                },
                {
                    "value": [
                        17,
                        1,
                        7
                    ]
                },
                {
                    "value": [
                        18,
                        1,
                        8
                    ]
                },
                {
                    "value": [
                        19,
                        1,
                        12
                    ]
                },
                {
                    "value": [
                        20,
                        1,
                        5
                    ]
                },
                {
                    "value": [
                        21,
                        1,
                        5
                    ]
                },
                {
                    "value": [
                        22,
                        1,
                        7
                    ]
                },
                {
                    "value": [
                        23,
                        1,
                        2
                    ]
                },
                {
                    "value": [
                        0,
                        2,
                        1
                    ]
                },
                {
                    "value": [
                        1,
                        2,
                        1
                    ]
                },
                {
                    "value": [
                        2,
                        2,
                        0
                    ]
                },
                {
                    "value": [
                        3,
                        2,
                        0
                    ]
                },
                {
                    "value": [
                        4,
                        2,
                        0
                    ]
                },
                {
                    "value": [
                        5,
                        2,
                        0
                    ]
                },
                {
                    "value": [
                        6,
                        2,
                        0
                    ]
                },
                {
                    "value": [
                        7,
                        2,
                        0
                    ]
                },
                {
                    "value": [
                        8,
                        2,
                        0
                    ]
                },
                {
                    "value": [
                        9,
                        2,
                        0
                    ]
                },
                {
                    "value": [
                        10,
                        2,
                        3
                    ]
                },
                {
                    "value": [
                        11,
                        2,
                        2
                    ]
                },
                {
                    "value": [
                        12,
                        2,
                        1
                    ]
                },
                {
                    "value": [
                        13,
                        2,
                        9
                    ]
                },
                {
                    "value": [
                        14,
                        2,
                        8
                    ]
                },
                {
                    "value": [
                        15,
                        2,
                        10
                    ]
                },
                {
                    "value": [
                        16,
                        2,
                        6
                    ]
                },
                {
                    "value": [
                        17,
                        2,
                        5
                    ]
                },
                {
                    "value": [
                        18,
                        2,
                        5
                    ]
                },
                {
                    "value": [
                        19,
                        2,
                        5
                    ]
                },
                {
                    "value": [
                        20,
                        2,
                        7
                    ]
                },
                {
                    "value": [
                        21,
                        2,
                        4
                    ]
                },
                {
                    "value": [
                        22,
                        2,
                        2
                    ]
                },
                {
                    "value": [
                        23,
                        2,
                        4
                    ]
                },
                {
                    "value": [
                        0,
                        3,
                        7
                    ]
                },
                {
                    "value": [
                        1,
                        3,
                        3
                    ]
                },
                {
                    "value": [
                        2,
                        3,
                        0
                    ]
                },
                {
                    "value": [
                        3,
                        3,
                        0
                    ]
                },
                {
                    "value": [
                        4,
                        3,
                        0
                    ]
                },
                {
                    "value": [
                        5,
                        3,
                        0
                    ]
                },
                {
                    "value": [
                        6,
                        3,
                        0
                    ]
                },
                {
                    "value": [
                        7,
                        3,
                        0
                    ]
                },
                {
                    "value": [
                        8,
                        3,
                        1
                    ]
                },
                {
                    "value": [
                        9,
                        3,
                        0
                    ]
                },
                {
                    "value": [
                        10,
                        3,
                        5
                    ]
                },
                {
                    "value": [
                        11,
                        3,
                        4
                    ]
                },
                {
                    "value": [
                        12,
                        3,
                        7
                    ]
                },
                {
                    "value": [
                        13,
                        3,
                        14
                    ]
                },
                {
                    "value": [
                        14,
                        3,
                        13
                    ]
                },
                {
                    "value": [
                        15,
                        3,
                        12
                    ]
                },
                {
                    "value": [
                        16,
                        3,
                        9
                    ]
                },
                {
                    "value": [
                        17,
                        3,
                        5
                    ]
                },
                {
                    "value": [
                        18,
                        3,
                        5
                    ]
                },
                {
                    "value": [
                        19,
                        3,
                        10
                    ]
                },
                {
                    "value": [
                        20,
                        3,
                        6
                    ]
                },
                {
                    "value": [
                        21,
                        3,
                        4
                    ]
                },
                {
                    "value": [
                        22,
                        3,
                        4
                    ]
                },
                {
                    "value": [
                        23,
                        3,
                        1
                    ]
                },
                {
                    "value": [
                        0,
                        4,
                        1
                    ]
                },
                {
                    "value": [
                        1,
                        4,
                        3
                    ]
                },
                {
                    "value": [
                        2,
                        4,
                        0
                    ]
                },
                {
                    "value": [
                        3,
                        4,
                        0
                    ]
                },
                {
                    "value": [
                        4,
                        4,
                        0
                    ]
                },
                {
                    "value": [
                        5,
                        4,
                        1
                    ]
                },
                {
                    "value": [
                        6,
                        4,
                        0
                    ]
                },
                {
                    "value": [
                        7,
                        4,
                        0
                    ]
                },
                {
                    "value": [
                        8,
                        4,
                        0
                    ]
                },
                {
                    "value": [
                        9,
                        4,
                        2
                    ]
                },
                {
                    "value": [
                        10,
                        4,
                        4
                    ]
                },
                {
                    "value": [
                        11,
                        4,
                        4
                    ]
                },
                {
                    "value": [
                        12,
                        4,
                        2
                    ]
                },
                {
                    "value": [
                        13,
                        4,
                        4
                    ]
                },
                {
                    "value": [
                        14,
                        4,
                        4
                    ]
                },
                {
                    "value": [
                        15,
                        4,
                        14
                    ]
                },
                {
                    "value": [
                        16,
                        4,
                        12
                    ]
                },
                {
                    "value": [
                        17,
                        4,
                        1
                    ]
                },
                {
                    "value": [
                        18,
                        4,
                        8
                    ]
                },
                {
                    "value": [
                        19,
                        4,
                        5
                    ]
                },
                {
                    "value": [
                        20,
                        4,
                        3
                    ]
                },
                {
                    "value": [
                        21,
                        4,
                        7
                    ]
                },
                {
                    "value": [
                        22,
                        4,
                        3
                    ]
                },
                {
                    "value": [
                        23,
                        4,
                        0
                    ]
                },
                {
                    "value": [
                        0,
                        5,
                        2
                    ]
                },
                {
                    "value": [
                        1,
                        5,
                        1
                    ]
                },
                {
                    "value": [
                        2,
                        5,
                        0
                    ]
                },
                {
                    "value": [
                        3,
                        5,
                        3
                    ]
                },
                {
                    "value": [
                        4,
                        5,
                        0
                    ]
                },
                {
                    "value": [
                        5,
                        5,
                        0
                    ]
                },
                {
                    "value": [
                        6,
                        5,
                        0
                    ]
                },
                {
                    "value": [
                        7,
                        5,
                        0
                    ]
                },
                {
                    "value": [
                        8,
                        5,
                        2
                    ]
                },
                {
                    "value": [
                        9,
                        5,
                        0
                    ]
                },
                {
                    "value": [
                        10,
                        5,
                        4
                    ]
                },
                {
                    "value": [
                        11,
                        5,
                        1
                    ]
                },
                {
                    "value": [
                        12,
                        5,
                        5
                    ]
                },
                {
                    "value": [
                        13,
                        5,
                        10
                    ]
                },
                {
                    "value": [
                        14,
                        5,
                        5
                    ]
                },
                {
                    "value": [
                        15,
                        5,
                        7
                    ]
                },
                {
                    "value": [
                        16,
                        5,
                        11
                    ]
                },
                {
                    "value": [
                        17,
                        5,
                        6
                    ]
                },
                {
                    "value": [
                        18,
                        5,
                        0
                    ]
                },
                {
                    "value": [
                        19,
                        5,
                        5
                    ]
                },
                {
                    "value": [
                        20,
                        5,
                        3
                    ]
                },
                {
                    "value": [
                        21,
                        5,
                        4
                    ]
                },
                {
                    "value": [
                        22,
                        5,
                        2
                    ]
                },
                {
                    "value": [
                        23,
                        5,
                        0
                    ]
                },
                {
                    "value": [
                        0,
                        6,
                        1
                    ]
                },
                {
                    "value": [
                        1,
                        6,
                        0
                    ]
                },
                {
                    "value": [
                        2,
                        6,
                        0
                    ]
                },
                {
                    "value": [
                        3,
                        6,
                        0
                    ]
                },
                {
                    "value": [
                        4,
                        6,
                        0
                    ]
                },
                {
                    "value": [
                        5,
                        6,
                        0
                    ]
                },
                {
                    "value": [
                        6,
                        6,
                        0
                    ]
                },
                {
                    "value": [
                        7,
                        6,
                        0
                    ]
                },
                {
                    "value": [
                        8,
                        6,
                        0
                    ]
                },
                {
                    "value": [
                        9,
                        6,
                        0
                    ]
                },
                {
                    "value": [
                        10,
                        6,
                        1
                    ]
                },
                {
                    "value": [
                        11,
                        6,
                        0
                    ]
                },
                {
                    "value": [
                        12,
                        6,
                        2
                    ]
                },
                {
                    "value": [
                        13,
                        6,
                        1
                    ]
                },
                {
                    "value": [
                        14,
                        6,
                        3
                    ]
                },
                {
                    "value": [
                        15,
                        6,
                        4
                    ]
                },
                {
                    "value": [
                        16,
                        6,
                        0
                    ]
                },
                {
                    "value": [
                        17,
                        6,
                        0
                    ]
                },
                {
                    "value": [
                        18,
                        6,
                        0
                    ]
                },
                {
                    "value": [
                        19,
                        6,
                        0
                    ]
                },
                {
                    "value": [
                        20,
                        6,
                        1
                    ]
                },
                {
                    "value": [
                        21,
                        6,
                        2
                    ]
                },
                {
                    "value": [
                        22,
                        6,
                        2
                    ]
                },
                {
                    "value": [
                        23,
                        6,
                        6
                    ]
                }
            ],
            "shading": "color",
            "label": {
                "show": false,
                "textStyle": {
                    "fontSize": 16,
                    "borderWidth": 1
                }
            },
            "itemStyle": {
                "opacity": 0.4
            },
            "emphasis": {
                "label": {
                    "textStyle": {
                        "fontSize": 20,
                        "color": "#900"
                    }
                },
                "itemStyle": {
                    "color": "#900"
                }
            }
        }
    ]
}