{
    "toolbox": [
        {
            "feature": {
                "saveAsImage": {},
                "restore": {},
                "dataView": {}
            }
        }
    ],
    "visualMap": [
        {
            "show": false,
            "min": 0,
            "max": 10000
        }
    ],
    "calendar": [
        {
            "range": "2017"
        }
    ],
    "series": [
        {
            "type": "heatmap",
            "coordinateSystem": "calendar",
            "data": [
                [
                    "2017-01-01",
                    3040
                ],
                [
                    "2017-01-02",
                    8773
                ],
                [
                    "2017-01-03",
                    3936
                ],
                [
                    "2017-01-04",
                    5590
                ],
                [
                    "2017-01-05",
                    1018
                ],
                [
                    "2017-01-06",
                    4383
                ],
                [
                    "2017-01-07",
                    8214
                ],
                [
                    "2017-01-08",
                    6038
                ],
                [
                    "2017-01-09",
                    1472
                ],
                [
                    "2017-01-10",
                    2058
                ],
                [
                    "2017-01-11",
                    8792
                ],
                [
                    "2017-01-12",
                    921
                ],
                [
                    "2017-01-13",
                    3308
                ],
                [
                    "2017-01-14",
                    5255
                ],
                [
                    "2017-01-15",
                    9869
                ],
                [
                    "2017-01-16",
                    9253
                ],
                [
                    "2017-01-17",
                    9828
                ],
                [
                    "2017-01-18",
                    4256
                ],
                [
                    "2017-01-19",
                    1374
                ],
                [
                    "2017-01-20",
                    9256
                ],
                [
                    "2017-01-21",
                    4247
                ],
                [
                    "2017-01-22",
                    4354
                ],
                [
                    "2017-01-23",
                    2237
                ],
                [
                    "2017-01-24",
                    7063
                ],
                [
                    "2017-01-25",
                    7610
                ],
                [
                    "2017-01-26",
                    8742
                ],
                [
                    "2017-01-27",
                    1625
                ],
                [
                    "2017-01-28",
                    1279
                ],
                [
                    "2017-01-29",
                    1844
                ],
                [
                    "2017-01-30",
                    6704
                ],
                [
                    "2017-01-31",
                    9481
                ],
                [
                    "2017-02-01",
                    992
                ],
                [
                    "2017-02-02",
                    7279
                ],
                [
                    "2017-02-03",
                    9658
                ],
                [
                    "2017-02-04",
                    4568
                ],
                [
                    "2017-02-05",
                    239
                ],
                [
                    "2017-02-06",
                    1862
                ],
                [
                    "2017-02-07",
                    6557
                ],
                [
                    "2017-02-08",
                    2788
                ],
                [
                    "2017-02-09",
                    915
                ],
                [
                    "2017-02-10",
                    6776
                ],
                [
                    "2017-02-11",
                    6358
                ],
                [
                    "2017-02-12",
                    7289
                ],
                [
                    "2017-02-13",
                    8052
                ],
                [
                    "2017-02-14",
                    8836
                ],
                [
                    "2017-02-15",
                    9674
                ],
                [
                    "2017-02-16",
                    4648
                ],
                [
                    "2017-02-17",
                    2093
                ],
                [
                    "2017-02-18",
                    6290
                ],
                [
                    "2017-02-19",
                    7966
                ],
                [
                    "2017-02-20",
                    2958
                ],
                [
                    "2017-02-21",
                    4733
                ],
                [
                    "2017-02-22",
                    5222
                ],
                [
                    "2017-02-23",
                    6608
                ],
                [
                    "2017-02-24",
                    3934
                ],
                [
                    "2017-02-25",
                    1847
                ],
                [
                    "2017-02-26",
                    6599
                ],
                [
                    "2017-02-27",
                    759
                ],
                [
                    "2017-02-28",
                    2989
                ],
                [
                    "2017-03-01",
                    9466
                ],
                [
                    "2017-03-02",
                    3464
                ],
                [
                    "2017-03-03",
                    4855
                ],
                [
                    "2017-03-04",
                    7534
                ],
                [
                    "2017-03-05",
                    1790
                ],
                [
                    "2017-03-06",
                    7846
                ],
                [
                    "2017-03-07",
                    5417
                ],
                [
                    "2017-03-08",
                    73
                ],
                [
                    "2017-03-09",
                    150
                ],
                [
                    "2017-03-10",
                    2199
                ],
                [
                    "2017-03-11",
                    701
                ],
                [
                    "2017-03-12",
                    6682
                ],
                [
                    "2017-03-13",
                    8619
                ],
                [
                    "2017-03-14",
                    5139
                ],
                [
                    "2017-03-15",
                    7853
                ],
                [
                    "2017-03-16",
                    1565
                ],
                [
                    "2017-03-17",
                    1390
                ],
                [
                    "2017-03-18",
                    7056
                ],
                [
                    "2017-03-19",
                    8935
                ],
                [
                    "2017-03-20",
                    3627
                ],
                [
                    "2017-03-21",
                    6618
                ],
                [
                    "2017-03-22",
                    3657
                ],
                [
                    "2017-03-23",
                    9249
                ],
                [
                    "2017-03-24",
                    6224
                ],
                [
                    "2017-03-25",
                    7751
                ],
                [
                    "2017-03-26",
                    526
                ],
                [
                    "2017-03-27",
                    6713
                ],
                [
                    "2017-03-28",
                    3343
                ],
                [
                    "2017-03-29",
                    6897
                ],
                [
                    "2017-03-30",
                    6694
                ],
                [
                    "2017-03-31",
                    650
                ],
                [
                    "2017-04-01",
                    1893
                ],
                [
                    "2017-04-02",
                    8987
                ],
                [
                    "2017-04-03",
                    3246
                ],
                [
                    "2017-04-04",
                    2044
                ],
                [
                    "2017-04-05",
                    2686
                ],
                [
                    "2017-04-06",
                    5921
                ],
                [
                    "2017-04-07",
                    887
                ],
                [
                    "2017-04-08",
                    240
                ],
                [
                    "2017-04-09",
                    7534
                ],
                [
                    "2017-04-10",
                    1466
                ],
                [
                    "2017-04-11",
                    3021
                ],
                [
                    "2017-04-12",
                    4952
                ],
                [
                    "2017-04-13",
                    4742
                ],
                [
                    "2017-04-14",
                    7752
                ],
                [
                    "2017-04-15",
                    5311
                ],
                [
                    "2017-04-16",
                    6008
                ],
                [
                    "2017-04-17",
                    2767
                ],
                [
                    "2017-04-18",
                    9296
                ],
                [
                    "2017-04-19",
                    4042
                ],
                [
                    "2017-04-20",
                    4776
                ],
                [
                    "2017-04-21",
                    2050
                ],
                [
                    "2017-04-22",
                    5848
                ],
                [
                    "2017-04-23",
                    4880
                ],
                [
                    "2017-04-24",
                    2022
                ],
                [
                    "2017-04-25",
                    5370
                ],
                [
                    "2017-04-26",
                    6010
                ],
                [
                    "2017-04-27",
                    6133
                ],
                [
                    "2017-04-28",
                    7789
                ],
                [
                    "2017-04-29",
                    7518
                ],
                [
                    "2017-04-30",
                    9771
                ],
                [
                    "2017-05-01",
                    9254
                ],
                [
                    "2017-05-02",
                    9036
                ],
                [
                    "2017-05-03",
                    2823
                ],
                [
                    "2017-05-04",
                    9314
                ],
                [
                    "2017-05-05",
                    7385
                ],
                [
                    "2017-05-06",
                    1490
                ],
                [
                    "2017-05-07",
                    3131
                ],
                [
                    "2017-05-08",
                    3952
                ],
                [
                    "2017-05-09",
                    2884
                ],
                [
                    "2017-05-10",
                    2106
                ],
                [
                    "2017-05-11",
                    7999
                ],
                [
                    "2017-05-12",
                    5278
                ],
                [
                    "2017-05-13",
                    727
                ],
                [
                    "2017-05-14",
                    3677
                ],
                [
                    "2017-05-15",
                    2418
                ],
                [
                    "2017-05-16",
                    9281
                ],
                [
                    "2017-05-17",
                    9316
                ],
                [
                    "2017-05-18",
                    2313
                ],
                [
                    "2017-05-19",
                    479
                ],
                [
                    "2017-05-20",
                    5467
                ],
                [
                    "2017-05-21",
                    4661
                ],
                [
                    "2017-05-22",
                    6491
                ],
                [
                    "2017-05-23",
                    4875
                ],
                [
                    "2017-05-24",
                    3250
                ],
                [
                    "2017-05-25",
                    2959
                ],
                [
                    "2017-05-26",
                    311
                ],
                [
                    "2017-05-27",
                    3834
                ],
                [
                    "2017-05-28",
                    5398
                ],
                [
                    "2017-05-29",
                    6324
                ],
                [
                    "2017-05-30",
                    6137
                ],
                [
                    "2017-05-31",
                    5305
                ],
                [
                    "2017-06-01",
                    6052
                ],
                [
                    "2017-06-02",
                    38
                ],
                [
                    "2017-06-03",
                    7833
                ],
                [
                    "2017-06-04",
                    901
                ],
                [
                    "2017-06-05",
                    9881
                ],
                [
                    "2017-06-06",
                    3772
                ],
                [
                    "2017-06-07",
                    6411
                ],
                [
                    "2017-06-08",
                    6545
                ],
                [
                    "2017-06-09",
                    8668
                ],
                [
                    "2017-06-10",
                    1504
                ],
                [
                    "2017-06-11",
                    5255
                ],
                [
                    "2017-06-12",
                    5993
                ],
                [
                    "2017-06-13",
                    878
                ],
                [
                    "2017-06-14",
                    1917
                ],
                [
                    "2017-06-15",
                    3435
                ],
                [
                    "2017-06-16",
                    6544
                ],
                [
                    "2017-06-17",
                    5240
                ],
                [
                    "2017-06-18",
                    7773
                ],
                [
                    "2017-06-19",
                    8714
                ],
                [
                    "2017-06-20",
                    2953
                ],
                [
                    "2017-06-21",
                    4826
                ],
                [
                    "2017-06-22",
                    5123
                ],
                [
                    "2017-06-23",
                    6871
                ],
                [
                    "2017-06-24",
                    6642
                ],
                [
                    "2017-06-25",
                    9277
                ],
                [
                    "2017-06-26",
                    4047
                ],
                [
                    "2017-06-27",
                    2764
                ],
                [
                    "2017-06-28",
                    1573
                ],
                [
                    "2017-06-29",
                    6006
                ],
                [
                    "2017-06-30",
                    67
                ],
                [
                    "2017-07-01",
                    2963
                ],
                [
                    "2017-07-02",
                    6046
                ],
                [
                    "2017-07-03",
                    1729
                ],
                [
                    "2017-07-04",
                    213
                ],
                [
                    "2017-07-05",
                    1107
                ],
                [
                    "2017-07-06",
                    4553
                ],
                [
                    "2017-07-07",
                    879
                ],
                [
                    "2017-07-08",
                    4323
                ],
                [
                    "2017-07-09",
                    6601
                ],
                [
                    "2017-07-10",
                    4297
                ],
                [
                    "2017-07-11",
                    8880
                ],
                [
                    "2017-07-12",
                    626
                ],
                [
                    "2017-07-13",
                    9309
                ],
                [
                    "2017-07-14",
                    3315
                ],
                [
                    "2017-07-15",
                    6724
                ],
                [
                    "2017-07-16",
                    3316
                ],
                [
                    "2017-07-17",
                    8859
                ],
                [
                    "2017-07-18",
                    8362
                ],
                [
                    "2017-07-19",
                    5723
                ],
                [
                    "2017-07-20",
                    2667
                ],
                [
                    "2017-07-21",
                    1697
                ],
                [
                    "2017-07-22",
                    797
                ],
                [
                    "2017-07-23",
                    1371
                ],
                [
                    "2017-07-24",
                    2374
                ],
                [
                    "2017-07-25",
                    8324
                ],
                [
                    "2017-07-26",
                    2984
                ],
                [
                    "2017-07-27",
                    8252
                ],
                [
                    "2017-07-28",
                    6679
                ],
                [
                    "2017-07-29",
                    4652
                ],
                [
                    "2017-07-30",
                    2439
                ],
                [
                    "2017-07-31",
                    3303
                ],
                [
                    "2017-08-01",
                    6248
                ],
                [
                    "2017-08-02",
                    5346
                ],
                [
                    "2017-08-03",
                    5326
                ],
                [
                    "2017-08-04",
                    7222
                ],
                [
                    "2017-08-05",
                    1119
                ],
                [
                    "2017-08-06",
                    3518
                ],
                [
                    "2017-08-07",
                    1171
                ],
                [
                    "2017-08-08",
                    9044
                ],
                [
                    "2017-08-09",
                    6070
                ],
                [
                    "2017-08-10",
                    1971
                ],
                [
                    "2017-08-11",
                    7928
                ],
                [
                    "2017-08-12",
                    1373
                ],
                [
                    "2017-08-13",
                    649
                ],
                [
                    "2017-08-14",
                    7264
                ],
                [
                    "2017-08-15",
                    8610
                ],
                [
                    "2017-08-16",
                    435
                ],
                [
                    "2017-08-17",
                    3064
                ],
                [
                    "2017-08-18",
                    7223
                ],
                [
                    "2017-08-19",
                    8146
                ],
                [
                    "2017-08-20",
                    2873
                ],
                [
                    "2017-08-21",
                    1468
                ],
                [
                    "2017-08-22",
                    9156
                ],
                [
                    "2017-08-23",
                    1066
                ],
                [
                    "2017-08-24",
                    3687
                ],
                [
                    "2017-08-25",
                    76
                ],
                [
                    "2017-08-26",
                    932
                ],
                [
                    "2017-08-27",
                    8675
                ],
                [
                    "2017-08-28",
                    8082
                ],
                [
                    "2017-08-29",
                    742
                ],
                [
                    "2017-08-30",
                    1615
                ],
                [
                    "2017-08-31",
                    7106
                ],
                [
                    "2017-09-01",
                    5518
                ],
                [
                    "2017-09-02",
                    3621
                ],
                [
                    "2017-09-03",
                    4217
                ],
                [
                    "2017-09-04",
                    4999
                ],
                [
                    "2017-09-05",
                    8399
                ],
                [
                    "2017-09-06",
                    9682
                ],
                [
                    "2017-09-07",
                    678
                ],
                [
                    "2017-09-08",
                    4917
                ],
                [
                    "2017-09-09",
                    1830
                ],
                [
                    "2017-09-10",
                    6220
                ],
                [
                    "2017-09-11",
                    3392
                ],
                [
                    "2017-09-12",
                    2956
                ],
                [
                    "2017-09-13",
                    6797
                ],
                [
                    "2017-09-14",
                    9916
                ],
                [
                    "2017-09-15",
                    4142
                ],
                [
                    "2017-09-16",
                    3479
                ],
                [
                    "2017-09-17",
                    1342
                ],
                [
                    "2017-09-18",
                    4938
                ],
                [
                    "2017-09-19",
                    581
                ],
                [
                    "2017-09-20",
                    9803
                ],
                [
                    "2017-09-21",
                    6300
                ],
                [
                    "2017-09-22",
                    4645
                ],
                [
                    "2017-09-23",
                    6828
                ],
                [
                    "2017-09-24",
                    1133
                ],
                [
                    "2017-09-25",
                    8371
                ],
                [
                    "2017-09-26",
                    632
                ],
                [
                    "2017-09-27",
                    6684
                ],
                [
                    "2017-09-28",
                    9580
                ],
                [
                    "2017-09-29",
                    2655
                ],
                [
                    "2017-09-30",
                    3837
                ],
                [
                    "2017-10-01",
                    14
                ],
                [
                    "2017-10-02",
                    7084
                ],
                [
                    "2017-10-03",
                    7222
                ],
                [
                    "2017-10-04",
                    6371
                ],
                [
                    "2017-10-05",
                    1589
                ],
                [
                    "2017-10-06",
                    9449
                ],
                [
                    "2017-10-07",
                    1869
                ],
                [
                    "2017-10-08",
                    5453
                ],
                [
                    "2017-10-09",
                    8582
                ],
                [
                    "2017-10-10",
                    6859
                ],
                [
                    "2017-10-11",
                    5679
                ],
                [
                    "2017-10-12",
                    2110
                ],
                [
                    "2017-10-13",
                    2069
                ],
                [
                    "2017-10-14",
                    980
                ],
                [
                    "2017-10-15",
                    8124
                ],
                [
                    "2017-10-16",
                    3372
                ],
                [
                    "2017-10-17",
                    3156
                ],
                [
                    "2017-10-18",
                    69
                ],
                [
                    "2017-10-19",
                    7043
                ],
                [
                    "2017-10-20",
                    272
                ],
                [
                    "2017-10-21",
                    2306
                ],
                [
                    "2017-10-22",
                    6628
                ],
                [
                    "2017-10-23",
                    1551
                ],
                [
                    "2017-10-24",
                    6192
                ],
                [
                    "2017-10-25",
                    8802
                ],
                [
                    "2017-10-26",
                    4388
                ],
                [
                    "2017-10-27",
                    8360
                ],
                [
                    "2017-10-28",
                    1313
                ],
                [
                    "2017-10-29",
                    1729
                ],
                [
                    "2017-10-30",
                    5729
                ],
                [
                    "2017-10-31",
                    2426
                ],
                [
                    "2017-11-01",
                    5247
                ],
                [
                    "2017-11-02",
                    1169
                ],
                [
                    "2017-11-03",
                    2886
                ],
                [
                    "2017-11-04",
                    2009
                ],
                [
                    "2017-11-05",
                    5624
                ],
                [
                    "2017-11-06",
                    8670
                ],
                [
                    "2017-11-07",
                    4326
                ],
                [
                    "2017-11-08",
                    1995
                ],
                [
                    "2017-11-09",
                    2869
                ],
                [
                    "2017-11-10",
                    6173
                ],
                [
                    "2017-11-11",
                    8075
                ],
                [
                    "2017-11-12",
                    7239
                ],
                [
                    "2017-11-13",
                    3406
                ],
                [
                    "2017-11-14",
                    6751
                ],
                [
                    "2017-11-15",
                    1936
                ],
                [
                    "2017-11-16",
                    8315
                ],
                [
                    "2017-11-17",
                    3131
                ],
                [
                    "2017-11-18",
                    1983
                ],
                [
                    "2017-11-19",
                    9070
                ],
                [
                    "2017-11-20",
                    958
                ],
                [
                    "2017-11-21",
                    9433
                ],
                [
                    "2017-11-22",
                    8407
                ],
                [
                    "2017-11-23",
                    8891
                ],
                [
                    "2017-11-24",
                    1339
                ],
                [
                    "2017-11-25",
                    952
                ],
                [
                    "2017-11-26",
                    8281
                ],
                [
                    "2017-11-27",
                    2434
                ],
                [
                    "2017-11-28",
                    2222
                ],
                [
                    "2017-11-29",
                    2203
                ],
                [
                    "2017-11-30",
                    6235
                ],
                [
                    "2017-12-01",
                    3982
                ],
                [
                    "2017-12-02",
                    9720
                ],
                [
                    "2017-12-03",
                    8447
                ],
                [
                    "2017-12-04",
                    9244
                ],
                [
                    "2017-12-05",
                    1525
                ],
                [
                    "2017-12-06",
                    3759
                ],
                [
                    "2017-12-07",
                    9555
                ],
                [
                    "2017-12-08",
                    254
                ],
                [
                    "2017-12-09",
                    861
                ],
                [
                    "2017-12-10",
                    6772
                ],
                [
                    "2017-12-11",
                    7235
                ],
                [
                    "2017-12-12",
                    7449
                ],
                [
                    "2017-12-13",
                    4945
                ],
                [
                    "2017-12-14",
                    2309
                ],
                [
                    "2017-12-15",
                    3456
                ],
                [
                    "2017-12-16",
                    1413
                ],
                [
                    "2017-12-17",
                    9807
                ],
                [
                    "2017-12-18",
                    8880
                ],
                [
                    "2017-12-19",
                    1742
                ],
                [
                    "2017-12-20",
                    5423
                ],
                [
                    "2017-12-21",
                    8589
                ],
                [
                    "2017-12-22",
                    9210
                ],
                [
                    "2017-12-23",
                    8527
                ],
                [
                    "2017-12-24",
                    1816
                ],
                [
                    "2017-12-25",
                    7215
                ],
                [
                    "2017-12-26",
                    5965
                ],
                [
                    "2017-12-27",
                    7434
                ],
                [
                    "2017-12-28",
                    4105
                ],
                [
                    "2017-12-29",
                    2751
                ],
                [
                    "2017-12-30",
                    6646
                ],
                [
                    "2017-12-31",
                    6500
                ]
            ]
        }
    ]
}