{
    "toolbox": [
        {
            "feature": {
                "saveAsImage": {},
                "restore": {},
                "dataView": {}
            }
        }
    ],
    "legend": [
        {
            "data": [
                "日K",
                "MA5",
                "MA10",
                "MA20",
                "MA30"
            ]
        }
    ],
    "tooltip": [
        {
            "trigger": "axis",
            "axisPointer": {
                "animation": false,
                "type": "cross"
            }
        }
    ],
    "xAxis": [
        {
            "type": "category",
            "data": [
                "",
                "",
                "2015/1/5",
                "2015/1/6",
                "2015/1/7",
                "2015/1/8",
                "2015/1/9",
                "2015/1/12",
                "2015/1/13",
                "2015/1/14",
                "2015/1/15",
                "2015/1/16",
                "2015/1/19",
                "2015/1/20",
                "2015/1/21",
                "2015/1/22",
                "2015/1/23",
                "2015/1/26",
                "2015/1/27",
                "2015/1/28",
                "2015/1/29",
                "2015/1/30",
                "2015/2/2",
                "2015/2/3",
                "2015/2/4",
                "2015/2/5",
                "2015/2/6",
                "2015/2/9",
                "2015/2/10",
                "2015/2/11",
                "2015/2/12",
                "2015/2/13",
                "2015/2/16",
                "2015/2/17",
                "2015/2/25",
                "2015/2/26",
                "2015/2/27",
                "2015/3/2",
                "2015/3/3",
                "2015/3/4",
                "2015/3/5",
                "2015/3/6",
                "2015/3/9",
                "2015/3/10",
                "2015/3/11",
                "2015/3/12",
                "2015/3/13",
                "2015/3/16",
                "2015/3/17",
                "2015/3/18",
                "2015/3/19",
                "2015/3/20",
                "2015/3/23",
                "2015/3/24",
                "2015/3/25",
                "2015/3/26",
                "2015/3/27",
                "2015/3/30",
                "2015/3/31",
                "2015/4/1",
                "2015/4/2",
                "2015/4/3",
                "2015/4/7",
                "2015/4/8",
                "2015/4/9",
                "2015/4/10",
                "2015/4/13",
                "2015/4/14",
                "2015/4/15",
                "2015/4/16",
                "2015/4/17",
                "2015/4/20",
                "2015/4/21",
                "2015/4/22",
                "2015/4/23",
                "2015/4/24",
                "2015/4/27",
                "2015/4/28",
                "2015/4/29",
                "2015/4/30",
                "2015/5/4",
                "2015/5/5",
                "2015/5/6",
                "2015/5/7",
                "2015/5/8",
                "2015/5/11",
                "2015/5/12",
                "2015/5/13",
                "2015/5/14",
                "2015/5/15",
                "2015/5/18",
                "2015/5/19",
                "2015/5/20",
                "2015/5/21",
                "2015/5/22",
                "2015/5/25",
                "2015/5/26",
                "2015/5/27",
                "2015/5/28",
                "2015/5/29",
                "2015/6/1",
                "2015/6/2",
                "2015/6/3",
                "2015/6/4",
                "2015/6/5",
                "2015/6/8",
                "2015/6/9",
                "2015/6/10",
                "2015/6/11",
                "2015/6/12",
                "2015/6/15",
                "2015/6/16",
                "2015/6/17",
                "2015/6/18",
                "2015/6/19",
                "2015/6/23",
                "2015/6/24",
                "2015/6/25",
                "2015/6/26",
                "2015/6/29",
                "2015/6/30",
                "2015/7/1",
                "2015/7/2",
                "2015/7/3",
                "2015/7/6",
                "2015/7/7",
                "2015/7/8",
                "2015/7/9",
                "2015/7/10",
                "2015/7/13",
                "2015/7/14",
                "2015/7/15",
                "2015/7/16",
                "2015/7/17",
                "2015/7/20",
                "2015/7/21",
                "2015/7/22",
                "2015/7/23",
                "2015/7/24",
                "2015/7/27",
                "2015/7/28",
                "2015/7/29",
                "2015/7/30",
                "2015/7/31",
                "2015/8/3",
                "2015/8/4",
                "2015/8/5",
                "2015/8/6",
                "2015/8/7",
                "2015/8/10",
                "2015/8/11",
                "2015/8/12",
                "2015/8/13",
                "2015/8/14",
                "2015/8/17",
                "2015/8/18",
                "2015/8/19",
                "2015/8/20",
                "2015/8/21",
                "2015/8/24",
                "2015/8/25",
                "2015/8/26",
                "2015/8/27",
                "2015/8/28",
                "2015/8/31",
                "2015/9/1",
                "2015/9/2",
                "2015/9/7",
                "2015/9/8",
                "2015/9/9",
                "2015/9/10",
                "2015/9/11",
                "2015/9/14",
                "2015/9/15",
                "2015/9/16",
                "2015/9/17",
                "2015/9/18",
                "2015/9/21",
                "2015/9/22",
                "2015/9/23",
                "2015/9/24",
                "2015/9/25",
                "2015/9/28",
                "2015/9/29",
                "2015/9/30",
                "2015/10/8",
                "2015/10/9",
                "2015/10/12",
                "2015/10/13",
                "2015/10/14",
                "2015/10/15",
                "2015/10/16",
                "2015/10/19",
                "2015/10/20",
                "2015/10/21",
                "2015/10/22",
                "2015/10/23",
                "2015/10/26",
                "2015/10/27",
                "2015/10/28",
                "2015/10/29",
                "2015/10/30",
                "2015/11/2",
                "2015/11/3",
                "2015/11/4",
                "2015/11/5",
                "2015/11/6",
                "2015/11/9",
                "2015/11/10",
                "2015/11/11",
                "2015/11/12",
                "2015/11/13",
                "2015/11/16",
                "2015/11/17",
                "2015/11/18",
                "2015/11/19",
                "2015/11/20",
                "2015/11/23",
                "2015/11/24",
                "2015/11/25",
                "2015/11/26",
                "2015/11/27",
                "2015/11/30",
                "2015/12/1",
                "2015/12/2",
                "2015/12/3",
                "2015/12/4",
                "2015/12/7",
                "2015/12/8",
                "2015/12/9",
                "2015/12/10",
                "2015/12/11",
                "2015/12/14",
                "2015/12/15",
                "2015/12/16",
                "2015/12/17",
                "2015/12/18",
                "2015/12/21",
                "2015/12/22",
                "2015/12/23",
                "2015/12/24",
                "2015/12/25",
                "2015/12/28",
                "2015/12/29",
                "2015/12/30",
                "2015/12/31"
            ],
            "axisLine": {}
        }
    ],
    "yAxis": [
        {
            "scale": true,
            "axisLine": {},
            "splitLine": {
                "show": false
            }
        }
    ],
    "grid": [
        {
            "bottom": 80
        }
    ],
    "dataZoom": [
        {
            "handleIcon": "M10.7,11.9v-1.3H9.3v1.3c-4.9,0.3-8.8,4.4-8.8,9.4c0,5,3.9,9.1,8.8,9.4v1.3h1.3v-1.3c4.9-0.3,8.8-4.4,8.8-9.4C19.5,16.3,15.6,12.2,10.7,11.9z M13.3,24.4H6.7V23h6.6V24.4z M13.3,19.6H6.7v-1.4h6.6V19.6z",
            "handleSize": "80%"
        },
        {
            "type": "inside"
        }
    ],
    "animation": false,
    "series": [
        {
            "type": "candlestick",
            "name": "日K",
            "data": [
                [
                    0,
                    0,
                    0,
                    0
                ],
                [
                    0,
                    0,
                    0,
                    0
                ],
                [
                    3258.63,
                    3350.52,
                    3253.88,
                    3369.28
                ],
                [
                    3330.8,
                    3351.45,
                    3303.18,
                    3394.22
                ],
                [
                    3326.65,
                    3373.95,
                    3312.21,
                    3374.9
                ],
                [
                    3371.96,
                    3293.46,
                    3285.09,
                    3381.57
                ],
                [
                    3276.97,
                    3285.41,
                    3267.51,
                    3404.83
                ],
                [
                    3258.21,
                    3229.32,
                    3191.58,
                    3275.19
                ],
                [
                    3223.54,
                    3235.3,
                    3214.41,
                    3259.39
                ],
                [
                    3242.34,
                    3222.44,
                    3193.98,
                    3268.48
                ],
                [
                    3224.07,
                    3336.46,
                    3207.54,
                    3337.08
                ],
                [
                    3343.6,
                    3376.5,
                    3340.49,
                    3400.32
                ],
                [
                    3189.73,
                    3116.35,
                    3095.07,
                    3262.21
                ],
                [
                    3114.56,
                    3173.05,
                    3100.48,
                    3190.25
                ],
                [
                    3189.08,
                    3323.61,
                    3178.34,
                    3337
                ],
                [
                    3327.32,
                    3343.34,
                    3293.98,
                    3352.38
                ],
                [
                    3357.1,
                    3351.76,
                    3328.29,
                    3406.79
                ],
                [
                    3347.26,
                    3383.18,
                    3321.31,
                    3384.8
                ],
                [
                    3389.85,
                    3352.96,
                    3290.22,
                    3390.22
                ],
                [
                    3325.72,
                    3305.74,
                    3294.66,
                    3354.8
                ],
                [
                    3259,
                    3262.3,
                    3234.24,
                    3286.79
                ],
                [
                    3273.75,
                    3210.36,
                    3210.31,
                    3288.5
                ],
                [
                    3148.14,
                    3128.3,
                    3122.57,
                    3175.13
                ],
                [
                    3156.09,
                    3204.91,
                    3129.73,
                    3207.94
                ],
                [
                    3212.82,
                    3174.13,
                    3171.14,
                    3238.98
                ],
                [
                    3251.21,
                    3136.53,
                    3135.82,
                    3251.21
                ],
                [
                    3120.09,
                    3075.91,
                    3052.94,
                    3129.54
                ],
                [
                    3063.51,
                    3095.12,
                    3049.11,
                    3119.03
                ],
                [
                    3090.49,
                    3141.59,
                    3084.25,
                    3142.1
                ],
                [
                    3145.76,
                    3157.7,
                    3139.05,
                    3166.42
                ],
                [
                    3157.96,
                    3173.42,
                    3134.24,
                    3181.77
                ],
                [
                    3186.81,
                    3203.83,
                    3182.79,
                    3237.16
                ],
                [
                    3206.14,
                    3222.36,
                    3195.88,
                    3228.85
                ],
                [
                    3230.88,
                    3246.91,
                    3230.77,
                    3255.73
                ],
                [
                    3256.48,
                    3228.84,
                    3215.55,
                    3257.22
                ],
                [
                    3222.15,
                    3298.36,
                    3202.19,
                    3300.62
                ],
                [
                    3296.83,
                    3310.3,
                    3291.01,
                    3324.55
                ],
                [
                    3332.72,
                    3336.28,
                    3298.67,
                    3336.76
                ],
                [
                    3317.7,
                    3263.05,
                    3260.43,
                    3317.7
                ],
                [
                    3264.18,
                    3279.53,
                    3250.48,
                    3286.59
                ],
                [
                    3264.08,
                    3248.48,
                    3221.67,
                    3266.64
                ],
                [
                    3248.04,
                    3241.19,
                    3234.53,
                    3266.93
                ],
                [
                    3224.31,
                    3302.41,
                    3198.37,
                    3307.7
                ],
                [
                    3289.08,
                    3286.07,
                    3277.09,
                    3309.92
                ],
                [
                    3289.59,
                    3290.9,
                    3278.47,
                    3325.05
                ],
                [
                    3314.81,
                    3349.32,
                    3300.49,
                    3360.05
                ],
                [
                    3359.49,
                    3372.91,
                    3352.15,
                    3391.25
                ],
                [
                    3391.16,
                    3449.3,
                    3377.09,
                    3449.3
                ],
                [
                    3469.6,
                    3502.85,
                    3459.69,
                    3504.12
                ],
                [
                    3510.5,
                    3577.3,
                    3503.85,
                    3577.66
                ],
                [
                    3576.02,
                    3582.27,
                    3546.84,
                    3600.68
                ],
                [
                    3587.08,
                    3617.32,
                    3569.38,
                    3632.34
                ],
                [
                    3640.1,
                    3687.73,
                    3635.49,
                    3688.25
                ],
                [
                    3692.57,
                    3691.41,
                    3600.7,
                    3715.87
                ],
                [
                    3680.95,
                    3660.73,
                    3634.56,
                    3693.15
                ],
                [
                    3641.94,
                    3682.09,
                    3615.01,
                    3707.32
                ],
                [
                    3686.13,
                    3691.1,
                    3656.83,
                    3710.48
                ],
                [
                    3710.61,
                    3786.57,
                    3710.61,
                    3795.94
                ],
                [
                    3822.99,
                    3747.9,
                    3737.04,
                    3835.57
                ],
                [
                    3748.34,
                    3810.29,
                    3742.21,
                    3817.08
                ],
                [
                    3827.69,
                    3825.78,
                    3775.89,
                    3835.45
                ],
                [
                    3803.38,
                    3863.93,
                    3792.21,
                    3864.41
                ],
                [
                    3899.42,
                    3961.38,
                    3891.73,
                    3961.67
                ],
                [
                    3976.53,
                    3994.81,
                    3903.65,
                    4000.22
                ],
                [
                    4006.13,
                    3957.53,
                    3900.03,
                    4016.4
                ],
                [
                    3947.49,
                    4034.31,
                    3929.32,
                    4040.35
                ],
                [
                    4072.72,
                    4121.71,
                    4057.29,
                    4128.07
                ],
                [
                    4125.78,
                    4135.56,
                    4091.26,
                    4168.35
                ],
                [
                    4135.65,
                    4084.16,
                    4069.01,
                    4175.49
                ],
                [
                    4055.92,
                    4194.82,
                    4031.24,
                    4195.31
                ],
                [
                    4254.72,
                    4287.3,
                    4238.91,
                    4317.22
                ],
                [
                    4301.35,
                    4217.08,
                    4190.68,
                    4356
                ],
                [
                    4212.19,
                    4293.62,
                    4188.57,
                    4294.38
                ],
                [
                    4304.6,
                    4398.49,
                    4297.95,
                    4400.19
                ],
                [
                    4414.48,
                    4414.51,
                    4358.84,
                    4444.41
                ],
                [
                    4355.95,
                    4393.69,
                    4318.12,
                    4416.38
                ],
                [
                    4441.93,
                    4527.4,
                    4441.93,
                    4529.73
                ],
                [
                    4527.63,
                    4476.21,
                    4432.9,
                    4572.39
                ],
                [
                    4446.12,
                    4476.62,
                    4398.64,
                    4499.94
                ],
                [
                    4483.01,
                    4441.65,
                    4441.05,
                    4507.34
                ],
                [
                    4441.34,
                    4480.46,
                    4387.43,
                    4487.57
                ],
                [
                    4479.85,
                    4298.71,
                    4282.24,
                    4488.87
                ],
                [
                    4311.64,
                    4229.27,
                    4187.37,
                    4376.35
                ],
                [
                    4197.9,
                    4112.21,
                    4108.01,
                    4213.76
                ],
                [
                    4152.98,
                    4205.92,
                    4099.04,
                    4206.86
                ],
                [
                    4231.27,
                    4333.58,
                    4187.82,
                    4334.88
                ],
                [
                    4342.37,
                    4401.22,
                    4317.98,
                    4402.31
                ],
                [
                    4402.38,
                    4375.76,
                    4342.48,
                    4415.63
                ],
                [
                    4372.82,
                    4378.31,
                    4329.04,
                    4397.75
                ],
                [
                    4366.82,
                    4308.69,
                    4278.55,
                    4366.82
                ],
                [
                    4277.9,
                    4283.49,
                    4260.51,
                    4324.83
                ],
                [
                    4285.78,
                    4417.55,
                    4285.78,
                    4418.4
                ],
                [
                    4434.98,
                    4446.29,
                    4432.28,
                    4520.54
                ],
                [
                    4456.44,
                    4529.42,
                    4438.26,
                    4530.48
                ],
                [
                    4584.98,
                    4657.6,
                    4562.99,
                    4658.27
                ],
                [
                    4660.08,
                    4813.8,
                    4656.83,
                    4814.67
                ],
                [
                    4854.85,
                    4910.9,
                    4779.08,
                    4911.69
                ],
                [
                    4932.85,
                    4941.71,
                    4857.06,
                    4958.16
                ],
                [
                    4943.74,
                    4620.27,
                    4614.24,
                    4986.5
                ],
                [
                    4603.47,
                    4611.74,
                    4431.56,
                    4698.19
                ],
                [
                    4633.1,
                    4828.74,
                    4615.23,
                    4829.5
                ],
                [
                    4844.7,
                    4910.53,
                    4797.55,
                    4911.57
                ],
                [
                    4924.38,
                    4909.98,
                    4822.44,
                    4942.06
                ],
                [
                    4912.95,
                    4947.1,
                    4647.41,
                    4947.96
                ],
                [
                    5016.09,
                    5023.1,
                    4898.07,
                    5051.63
                ],
                [
                    5045.69,
                    5131.88,
                    4997.48,
                    5146.95
                ],
                [
                    5145.98,
                    5113.53,
                    5042.96,
                    5147.45
                ],
                [
                    5049.2,
                    5106.04,
                    5001.49,
                    5164.16
                ],
                [
                    5101.44,
                    5121.59,
                    5050.76,
                    5122.46
                ],
                [
                    5143.34,
                    5166.35,
                    5103.4,
                    5178.19
                ],
                [
                    5174.42,
                    5062.99,
                    5048.74,
                    5176.79
                ],
                [
                    5004.41,
                    4887.43,
                    4842.1,
                    5029.68
                ],
                [
                    4890.55,
                    4967.9,
                    4767.22,
                    4983.66
                ],
                [
                    4942.52,
                    4785.36,
                    4780.87,
                    4966.77
                ],
                [
                    4689.93,
                    4478.36,
                    4476.5,
                    4744.08
                ],
                [
                    4471.61,
                    4576.49,
                    4264.77,
                    4577.94
                ],
                [
                    4604.58,
                    4690.15,
                    4552.13,
                    4691.77
                ],
                [
                    4711.76,
                    4527.78,
                    4483.55,
                    4720.7
                ],
                [
                    4399.93,
                    4192.87,
                    4139.53,
                    4456.9
                ],
                [
                    4289.77,
                    4053.03,
                    3875.05,
                    4297.47
                ],
                [
                    4006.75,
                    4277.22,
                    3847.88,
                    4279.97
                ],
                [
                    4214.15,
                    4053.7,
                    4043.37,
                    4317.05
                ],
                [
                    4058.62,
                    3912.77,
                    3795.25,
                    4080.39
                ],
                [
                    3793.71,
                    3686.92,
                    3629.56,
                    3927.13
                ],
                [
                    3975.21,
                    3775.91,
                    3653.04,
                    3975.21
                ],
                [
                    3654.78,
                    3727.12,
                    3585.4,
                    3750.57
                ],
                [
                    3467.4,
                    3507.19,
                    3421.53,
                    3599.25
                ],
                [
                    3432.45,
                    3709.33,
                    3373.54,
                    3748.48
                ],
                [
                    3707.46,
                    3877.8,
                    3677.43,
                    3959.22
                ],
                [
                    3918.99,
                    3970.39,
                    3858.64,
                    4030.19
                ],
                [
                    3958.37,
                    3924.49,
                    3855.56,
                    4035.43
                ],
                [
                    3874.97,
                    3805.7,
                    3741.25,
                    3914.27
                ],
                [
                    3758.5,
                    3823.18,
                    3688.44,
                    3877.51
                ],
                [
                    3831.42,
                    3957.35,
                    3814.15,
                    3994.48
                ],
                [
                    3948.42,
                    3992.11,
                    3927.12,
                    4021.33
                ],
                [
                    3939.9,
                    4017.67,
                    3912.8,
                    4041.82
                ],
                [
                    3996.43,
                    4026.04,
                    3960.86,
                    4042.34
                ],
                [
                    4022.27,
                    4123.92,
                    4019.04,
                    4132.61
                ],
                [
                    4124.75,
                    4070.91,
                    4044.83,
                    4184.45
                ],
                [
                    3985.57,
                    3725.56,
                    3720.44,
                    4051.16
                ],
                [
                    3573.14,
                    3663,
                    3537.36,
                    3762.53
                ],
                [
                    3689.82,
                    3789.17,
                    3612.06,
                    3792.07
                ],
                [
                    3773.79,
                    3705.77,
                    3685.96,
                    3844.37
                ],
                [
                    3655.67,
                    3663.73,
                    3620.17,
                    3729.51
                ],
                [
                    3614.99,
                    3622.91,
                    3549.5,
                    3648.94
                ],
                [
                    3621.85,
                    3756.54,
                    3601.29,
                    3757.03
                ],
                [
                    3745.65,
                    3694.57,
                    3676.39,
                    3782.35
                ],
                [
                    3625.5,
                    3661.54,
                    3614.74,
                    3710.57
                ],
                [
                    3692.61,
                    3744.2,
                    3686.3,
                    3756.74
                ],
                [
                    3786.03,
                    3928.42,
                    3775.85,
                    3943.62
                ],
                [
                    3928.81,
                    3927.91,
                    3891.18,
                    3970.34
                ],
                [
                    3881.23,
                    3886.32,
                    3871.14,
                    3937.77
                ],
                [
                    3869.91,
                    3954.56,
                    3838.16,
                    3955.79
                ],
                [
                    3976.41,
                    3965.33,
                    3939.83,
                    4000.68
                ],
                [
                    3947.84,
                    3993.67,
                    3907.4,
                    3994.54
                ],
                [
                    3999.13,
                    3748.16,
                    3743.39,
                    4006.34
                ],
                [
                    3646.8,
                    3794.11,
                    3558.38,
                    3811.43
                ],
                [
                    3754.57,
                    3664.29,
                    3663.61,
                    3788.01
                ],
                [
                    3609.96,
                    3507.74,
                    3490.54,
                    3652.84
                ],
                [
                    3373.48,
                    3209.91,
                    3191.88,
                    3388.36
                ],
                [
                    3004.13,
                    2964.97,
                    2947.94,
                    3123.03
                ],
                [
                    2980.79,
                    2927.29,
                    2850.71,
                    3092.04
                ],
                [
                    2978.03,
                    3083.59,
                    2906.49,
                    3085.42
                ],
                [
                    3125.26,
                    3232.35,
                    3102.95,
                    3235.84
                ],
                [
                    3203.56,
                    3205.99,
                    3109.16,
                    3207.86
                ],
                [
                    3157.83,
                    3166.62,
                    3053.74,
                    3180.33
                ],
                [
                    3027.68,
                    3160.17,
                    3019.09,
                    3194.48
                ],
                [
                    3149.38,
                    3080.42,
                    3066.3,
                    3217.58
                ],
                [
                    3054.44,
                    3170.45,
                    3011.12,
                    3174.71
                ],
                [
                    3182.55,
                    3243.09,
                    3165.7,
                    3256.74
                ],
                [
                    3190.55,
                    3197.89,
                    3178.9,
                    3243.28
                ],
                [
                    3189.48,
                    3200.23,
                    3163.45,
                    3223.76
                ],
                [
                    3221.17,
                    3114.8,
                    3049.23,
                    3229.48
                ],
                [
                    3043.8,
                    3005.17,
                    2983.92,
                    3081.7
                ],
                [
                    2998.04,
                    3152.26,
                    2983.54,
                    3182.93
                ],
                [
                    3131.98,
                    3086.06,
                    3085.31,
                    3204.7
                ],
                [
                    3100.28,
                    3097.92,
                    3070.34,
                    3122.05
                ],
                [
                    3072.09,
                    3156.54,
                    3060.86,
                    3159.88
                ],
                [
                    3161.32,
                    3185.62,
                    3152.48,
                    3213.48
                ],
                [
                    3137.72,
                    3115.89,
                    3104.74,
                    3164.04
                ],
                [
                    3126.49,
                    3142.69,
                    3109.69,
                    3151.16
                ],
                [
                    3130.85,
                    3092.35,
                    3063,
                    3149.95
                ],
                [
                    3085.57,
                    3100.76,
                    3042.31,
                    3103.07
                ],
                [
                    3055.22,
                    3038.14,
                    3021.16,
                    3068.3
                ],
                [
                    3052.84,
                    3052.78,
                    3039.74,
                    3073.3
                ],
                [
                    3156.07,
                    3143.36,
                    3133.13,
                    3172.28
                ],
                [
                    3146.64,
                    3183.15,
                    3137.79,
                    3192.72
                ],
                [
                    3193.54,
                    3287.66,
                    3188.41,
                    3318.71
                ],
                [
                    3262.16,
                    3293.23,
                    3253.25,
                    3298.63
                ],
                [
                    3280.02,
                    3262.44,
                    3256.25,
                    3307.32
                ],
                [
                    3255.03,
                    3338.07,
                    3254.39,
                    3338.3
                ],
                [
                    3358.3,
                    3391.35,
                    3334.85,
                    3393.02
                ],
                [
                    3401.63,
                    3386.7,
                    3355.57,
                    3423.4
                ],
                [
                    3377.55,
                    3425.33,
                    3357.86,
                    3425.52
                ],
                [
                    3428.56,
                    3320.68,
                    3265.44,
                    3447.26
                ],
                [
                    3292.29,
                    3368.74,
                    3282.99,
                    3373.78
                ],
                [
                    3377.55,
                    3412.43,
                    3360.22,
                    3422.02
                ],
                [
                    3448.65,
                    3429.58,
                    3402,
                    3457.52
                ],
                [
                    3409.14,
                    3434.34,
                    3332.62,
                    3441.57
                ],
                [
                    3417.01,
                    3375.2,
                    3367.23,
                    3439.76
                ],
                [
                    3387.77,
                    3387.32,
                    3362.51,
                    3411.71
                ],
                [
                    3380.28,
                    3382.56,
                    3346.59,
                    3417.2
                ],
                [
                    3337.58,
                    3325.08,
                    3322.31,
                    3391.06
                ],
                [
                    3330.32,
                    3316.7,
                    3302.18,
                    3346.27
                ],
                [
                    3325.62,
                    3459.64,
                    3325.62,
                    3459.65
                ],
                [
                    3459.22,
                    3522.82,
                    3455.53,
                    3585.66
                ],
                [
                    3514.44,
                    3590.03,
                    3508.83,
                    3596.38
                ],
                [
                    3588.5,
                    3646.88,
                    3588.5,
                    3673.76
                ],
                [
                    3617.4,
                    3640.49,
                    3607.89,
                    3669.53
                ],
                [
                    3635,
                    3650.25,
                    3605.62,
                    3654.88
                ],
                [
                    3656.82,
                    3632.9,
                    3603.23,
                    3659.31
                ],
                [
                    3600.76,
                    3580.84,
                    3564.81,
                    3632.56
                ],
                [
                    3522.46,
                    3606.96,
                    3519.42,
                    3607.61
                ],
                [
                    3629.98,
                    3604.8,
                    3598.07,
                    3678.27
                ],
                [
                    3605.06,
                    3568.47,
                    3558.7,
                    3617.07
                ],
                [
                    3573.78,
                    3617.06,
                    3561.04,
                    3618.21
                ],
                [
                    3620.79,
                    3630.5,
                    3607.92,
                    3640.53
                ],
                [
                    3630.87,
                    3610.31,
                    3598.87,
                    3654.75
                ],
                [
                    3602.89,
                    3616.11,
                    3563.1,
                    3616.48
                ],
                [
                    3614.07,
                    3647.93,
                    3607.52,
                    3648.37
                ],
                [
                    3659.57,
                    3635.55,
                    3629.86,
                    3668.38
                ],
                [
                    3616.54,
                    3436.3,
                    3412.43,
                    3621.9
                ],
                [
                    3433.85,
                    3445.4,
                    3327.81,
                    3470.37
                ],
                [
                    3442.44,
                    3456.31,
                    3417.54,
                    3483.41
                ],
                [
                    3450.28,
                    3536.91,
                    3427.66,
                    3538.85
                ],
                [
                    3525.73,
                    3584.82,
                    3517.23,
                    3591.73
                ],
                [
                    3558.15,
                    3524.99,
                    3510.41,
                    3568.97
                ],
                [
                    3529.81,
                    3536.93,
                    3506.62,
                    3543.95
                ],
                [
                    3518.65,
                    3470.07,
                    3466.79,
                    3518.65
                ],
                [
                    3462.58,
                    3472.44,
                    3454.88,
                    3495.7
                ],
                [
                    3469.81,
                    3455.5,
                    3446.27,
                    3503.65
                ],
                [
                    3441.6,
                    3434.58,
                    3410.92,
                    3455.55
                ],
                [
                    3403.51,
                    3520.67,
                    3399.28,
                    3521.78
                ],
                [
                    3518.13,
                    3510.35,
                    3496.85,
                    3529.96
                ],
                [
                    3522.09,
                    3516.19,
                    3506.29,
                    3538.69
                ],
                [
                    3533.63,
                    3580,
                    3533.63,
                    3583.41
                ],
                [
                    3574.94,
                    3578.96,
                    3568.16,
                    3614.7
                ],
                [
                    3568.58,
                    3642.47,
                    3565.75,
                    3651.06
                ],
                [
                    3645.99,
                    3651.77,
                    3616.87,
                    3652.63
                ],
                [
                    3653.28,
                    3636.09,
                    3633.03,
                    3684.57
                ],
                [
                    3631.31,
                    3612.49,
                    3572.28,
                    3640.22
                ],
                [
                    3614.05,
                    3627.91,
                    3601.74,
                    3635.26
                ],
                [
                    3635.77,
                    3533.78,
                    3533.78,
                    3641.59
                ],
                [
                    3528.4,
                    3563.74,
                    3515.52,
                    3564.17
                ],
                [
                    3566.73,
                    3572.88,
                    3538.11,
                    3573.68
                ],
                [
                    3570.47,
                    3539.18,
                    3538.35,
                    3580.6
                ]
            ],
            "itemStyle": {
                "normal": {
                    "color": "#FD1050",
                    "color0": "#0CF49B",
                    "borderColor": "#FD1050",
                    "borderColor0": "#0CF49B"
                }
            }
        }
    ]
}