{
    "toolbox": [
        {
            "feature": {
                "saveAsImage": {},
                "restore": {},
                "dataView": {}
            }
        }
    ],
    "title": [
        {
            "text": "折线图堆叠"
        }
    ],
    "tooltip": [
        {
            "trigger": "axis"
        }
    ],
    "legend": [
        {
            "data": [
                "邮件营销",
                "联盟广告",
                "视频广告",
                "直接访问",
                "搜索引擎"
            ]
        }
    ],
    "grid": [
        {
            "left": "3%",
            "right": "4%",
            "bottom": "3%",
            "containLabel": true
        }
    ],
    "xAxis": [
        {
            "type": "category",
            "boundaryGap": false,
            "data": [
                "周一",
                "周二",
                "周三",
                "周四",
                "周五",
                "周六",
                "周日"
            ]
        }
    ],
    "yAxis": [
        {
            "type": "value"
        }
    ],
    "series": [
        {
            "type": "line",
            "stack": "总量",
            "data": [
                {
                    "value": [
                        120,
                        132,
                        101,
                        134,
                        90,
                        230,
                        210
                    ],
                    "name": "邮件营销"
                },
                {
                    "value": [
                        220,
                        182,
                        191,
                        234,
                        290,
                        330,
                        310
                    ],
                    "name": "联盟广告"
                },
                {
                    "value": [
                        150,
                        232,
                        201,
                        154,
                        190,
                        330,
                        410
                    ],
                    "name": "视频广告"
                },
                {
                    "value": [
                        320,
                        332,
                        301,
                        334,
                        390,
                        330,
                        320
                    ],
                    "name": "直接访问"
                },
                {
                    "value": [
                        820,
                        932,
                        901,
                        934,
                        1290,
                        1330,
                        1320
                    ],
                    "name": "搜索引擎"
                }
            ]
        }
    ]
}