{
    "toolbox": [
        {
            "feature": {
                "saveAsImage": {},
                "restore": {},
                "dataView": {}
            }
        }
    ],
    "title": [
        {
            "text": "Customized Pie",
            "left": "center",
            "top": 20
        }
    ],
    "tooltip": [
        {
            "trigger": "item",
            "formatter": "{a} <br/>{b} : {c} ({d}%)"
        }
    ],
    "visualMap": [
        {
            "show": false,
            "min": 80,
            "max": 600,
            "inRange": {
                "color": [
                    "#313695",
                    "#4575b4",
                    "#74add1",
                    "#abd9e9",
                    "#e0f3f8",
                    "#ffffbf",
                    "#fee090",
                    "#fdae61",
                    "#f46d43",
                    "#d73027",
                    "#a50026"
                ]
            }
        }
    ],
    "series": [
        {
            "name": "访问来源",
            "type": "pie",
            "radius": "65%",
            "center": [
                "50%",
                "55%"
            ],
            "data": [
                {
                    "value": 235,
                    "name": "视频广告"
                },
                {
                    "value": 274,
                    "name": "联盟广告"
                },
                {
                    "value": 310,
                    "name": "邮件营销"
                },
                {
                    "value": 335,
                    "name": "直接访问"
                },
                {
                    "value": 400,
                    "name": "搜索引擎"
                }
            ],
            "roseType": "radius",
            "label": {
                "normal": {},
                "formatter": "{a}:{c}"
            },
            "labelLine": {
                "normal": {
                    "smooth": 0.2,
                    "length": 10,
                    "length2": 20
                }
            },
            "itemStyle": {
                "normal": {
                    "shadowBlur": 200,
                    "shadowColor": "rgba(0, 0, 0, 0.5)"
                }
            },
            "animationType": "scale",
            "animationEasing": "elasticOut"
        }
    ]
}