{
    "toolbox": [
        {
            "feature": {
                "saveAsImage": {},
                "restore": {},
                "dataView": {}
            }
        }
    ],
    "legend": [
        {
            "bottom": 10,
            "data": [
                "1",
                "2",
                "3"
            ],
            "type": "scroll"
        }
    ],
    "radar": [
        {
            "indicator": [
                {
                    "name": "语文",
                    "max": 100
                },
                {
                    "name": "数学",
                    "max": 100
                },
                {
                    "name": "外语",
                    "max": 100
                },
                {
                    "name": "物理",
                    "max": 100
                },
                {
                    "name": "化学",
                    "max": 100
                }
            ]
        }
    ],
    "series": [
        {
            "data": [
                {
                    "name": "1",
                    "value": [
                        95,
                        96,
                        85,
                        63,
                        91
                    ]
                },
                {
                    "name": "2",
                    "value": [
                        75,
                        93,
                        66,
                        85,
                        88
                    ]
                },
                {
                    "name": "3",
                    "value": [
                        86,
                        76,
                        96,
                        93,
                        67
                    ]
                }
            ],
            "emphasis": {},
            "lineStyle": {
                "width": 1
            },
            "name": "小学生成绩",
            "symbol": "none",
            "type": "radar"
        }
    ],
    "title": [
        {
            "left": 10,
            "subtext": "纯属虚构",
            "text": "Radar Example",
            "top": 10
        }
    ],
    "tooltip": [
        {
            "trigger": "item"
        }
    ],
    "visualMap": [
        {
            "calculable": true,
            "right": 10,
            "top": "middle"
        }
    ]
}