{
    "toolbox": [
        {
            "feature": {
                "saveAsImage": {},
                "restore": {},
                "dataView": {}
            }
        }
    ],
    "title": [
        {
            "text": "Scatter Exaple"
        }
    ],
    "tooltip": {
        "formatter": "{c}"
    },
    "xAxis": [
        {}
    ],
    "yAxis": [
        {}
    ],
    "series": [
        {
            "data": [
                [
                    26.899999618530273,
                    0
                ],
                [
                    26.858722686767578,
                    -0.780600905418396
                ],
                [
                    26.735036849975586,
                    -1.5573103427886963
                ],
                [
                    26.52937889099121,
                    -2.3262534141540527
                ],
                [
                    26.24247169494629,
                    -3.083587646484375
                ],
                [
                    25.87532615661621,
                    -3.8255198001861572
                ],
                [
                    25.42923355102539,
                    -4.54832124710083
                ],
                [
                    24.905763626098633,
                    -5.248343467712402
                ],
                [
                    24.3067569732666,
                    -5.922035217285156
                ],
                [
                    23.63431739807129,
                    -6.56595516204834
                ],
                [
                    22.89080810546875,
                    -7.176788330078125
                ],
                [
                    22.078838348388672,
                    -7.751358985900879
                ],
                [
                    21.20125389099121,
                    -8.286643981933594
                ],
                [
                    20.261131286621094,
                    -8.77978801727295
                ],
                [
                    19.26175880432129,
                    -9.228111267089844
                ],
                [
                    18.20663070678711,
                    -9.629127502441406
                ],
                [
                    17.09943199157715,
                    -9.980547904968262
                ],
                [
                    15.944021224975586,
                    -10.280296325683594
                ],
                [
                    14.74442195892334,
                    -10.526514053344727
                ],
                [
                    13.504804611206055,
                    -10.717572212219238
                ],
                [
                    12.229470252990723,
                    -10.852075576782227
                ],
                [
                    10.922835350036621,
                    -10.928872108459473
                ],
                [
                    9.58941650390625,
                    -10.94705581665039
                ],
                [
                    8.23381233215332,
                    -10.905970573425293
                ],
                [
                    6.8606858253479,
                    -10.805217742919922
                ],
                [
                    5.474748134613037,
                    -10.644654273986816
                ],
                [
                    4.080741882324219,
                    -10.424393653869629
                ],
                [
                    2.6834208965301514,
                    -10.144811630249023
                ],
                [
                    1.2875350713729858,
                    -9.806539535522461
                ],
                [
                    -0.1021881252527237,
                    -9.4104642868042
                ],
                [
                    -1.4810611009597778,
                    -8.957727432250977
                ],
                [
                    -2.8444533348083496,
                    -8.449718475341797
                ],
                [
                    -4.187808513641357,
                    -7.8880720138549805
                ],
                [
                    -5.5066609382629395,
                    -7.274661540985107
                ],
                [
                    -6.796652317047119,
                    -6.611591339111328
                ],
                [
                    -8.053546905517578,
                    -5.901189804077148
                ],
                [
                    -9.273247718811035,
                    -5.145999908447266
                ],
                [
                    -10.451810836791992,
                    -4.348771095275879
                ],
                [
                    -11.585461616516113,
                    -3.5124473571777344
                ],
                [
                    -12.67060375213623,
                    -2.6401560306549072
                ],
                [
                    -13.703835487365723,
                    -1.7351964712142944
                ],
                [
                    -14.681964874267578,
                    -0.8010274767875671
                ],
                [
                    -15.602011680603027,
                    0.158747136592865
                ],
                [
                    -16.461227416992188,
                    1.1403917074203491
                ],
                [
                    -17.25710105895996,
                    2.1400535106658936
                ],
                [
                    -17.987363815307617,
                    3.153778076171875
                ],
                [
                    -18.650007247924805,
                    4.177524089813232
                ],
                [
                    -19.243274688720703,
                    5.207180500030518
                ],
                [
                    -19.765684127807617,
                    6.238580703735352
                ],
                [
                    -20.216018676757812,
                    7.267521381378174
                ],
                [
                    -20.593338012695312,
                    8.289776802062988
                ],
                [
                    -20.896976470947266,
                    9.301118850708008
                ],
                [
                    -21.126548767089844,
                    10.297329902648926
                ],
                [
                    -21.28194808959961,
                    11.274223327636719
                ],
                [
                    -21.363344192504883,
                    12.227655410766602
                ],
                [
                    -21.371185302734375,
                    13.153549194335938
                ],
                [
                    -21.306190490722656,
                    14.047904014587402
                ],
                [
                    -21.169347763061523,
                    14.906815528869629
                ],
                [
                    -20.9619140625,
                    15.72649097442627
                ],
                [
                    -20.685401916503906,
                    16.503263473510742
                ],
                [
                    -20.341575622558594,
                    17.233606338500977
                ],
                [
                    -19.93244171142578,
                    17.914152145385742
                ],
                [
                    -19.460247039794922,
                    18.54170036315918
                ],
                [
                    -18.927459716796875,
                    19.11323356628418
                ],
                [
                    -18.336763381958008,
                    19.625932693481445
                ],
                [
                    -17.69104766845703,
                    20.077184677124023
                ],
                [
                    -16.993389129638672,
                    20.464595794677734
                ],
                [
                    -16.24704933166504,
                    20.78599739074707
                ],
                [
                    -15.455448150634766,
                    21.03946304321289
                ],
                [
                    -14.622161865234375,
                    21.223312377929688
                ],
                [
                    -13.750901222229004,
                    21.33612060546875
                ],
                [
                    -12.845499992370605,
                    21.376718521118164
                ],
                [
                    -11.909893989562988,
                    21.344207763671875
                ],
                [
                    -10.948113441467285,
                    21.237960815429688
                ],
                [
                    -9.964259147644043,
                    21.0576229095459
                ],
                [
                    -8.96249008178711,
                    20.803115844726562
                ],
                [
                    -7.947006702423096,
                    20.47464370727539
                ],
                [
                    -6.922030448913574,
                    20.072681427001953
                ],
                [
                    -5.891791820526123,
                    19.597990036010742
                ],
                [
                    -4.860510349273682,
                    19.05160140991211
                ],
                [
                    -3.8323793411254883,
                    18.434823989868164
                ],
                [
                    -2.8115477561950684,
                    17.74923324584961
                ],
                [
                    -1.80210542678833,
                    16.996667861938477
                ],
                [
                    -0.8080661296844482,
                    16.179227828979492
                ],
                [
                    0.16664811968803406,
                    15.299262046813965
                ],
                [
                    1.1182223558425903,
                    14.35936450958252
                ],
                [
                    2.042963743209839,
                    13.362360954284668
                ],
                [
                    2.9373154640197754,
                    12.311305046081543
                ],
                [
                    3.7978711128234863,
                    11.209460258483887
                ],
                [
                    4.621387481689453,
                    10.060296058654785
                ],
                [
                    5.4047980308532715,
                    8.867467880249023
                ],
                [
                    6.1452226638793945,
                    7.634810924530029
                ],
                [
                    6.839980125427246,
                    6.366322040557861
                ],
                [
                    7.486599445343018,
                    5.066145896911621
                ],
                [
                    8.082825660705566,
                    3.7385611534118652
                ],
                [
                    8.626630783081055,
                    2.3879642486572266
                ],
                [
                    9.116222381591797,
                    1.0188534259796143
                ],
                [
                    9.550046920776367,
                    -0.36418837308883667
                ],
                [
                    9.926798820495605,
                    -1.7565094232559204
                ],
                [
                    10.245420455932617,
                    -3.153406858444214
                ],
                [
                    10.505110740661621,
                    -4.550143718719482
                ],
                [
                    10.705324172973633,
                    -5.941967010498047
                ],
                [
                    10.845773696899414,
                    -7.324124336242676
                ],
                [
                    10.926431655883789,
                    -8.691882133483887
                ],
                [
                    10.947527885437012,
                    -10.040543556213379
                ],
                [
                    10.909547805786133,
                    -11.365464210510254
                ],
                [
                    10.813230514526367,
                    -12.66207218170166
                ],
                [
                    10.659567832946777,
                    -13.925883293151855
                ],
                [
                    10.44979190826416,
                    -15.15251636505127
                ],
                [
                    10.185379028320312,
                    -16.33771324157715
                ],
                [
                    9.868035316467285,
                    -17.477352142333984
                ],
                [
                    9.499693870544434,
                    -18.567462921142578
                ],
                [
                    9.082503318786621,
                    -19.6042423248291
                ],
                [
                    8.618819236755371,
                    -20.584070205688477
                ],
                [
                    8.11119556427002,
                    -21.503517150878906
                ],
                [
                    7.562371730804443,
                    -22.35936737060547
                ],
                [
                    6.975261211395264,
                    -23.14862060546875
                ],
                [
                    6.352939605712891,
                    -23.86850929260254
                ],
                [
                    5.6986308097839355,
                    -24.516504287719727
                ],
                [
                    5.0156941413879395,
                    -25.090330123901367
                ],
                [
                    4.307610034942627,
                    -25.587970733642578
                ],
                [
                    3.5779638290405273,
                    -26.007675170898438
                ],
                [
                    2.830432415008545,
                    -26.34796714782715
                ],
                [
                    2.06876802444458,
                    -26.607650756835938
                ],
                [
                    1.296782374382019,
                    -26.785808563232422
                ],
                [
                    0.5183306336402893,
                    -26.88181495666504
                ],
                [
                    -0.26270487904548645,
                    -26.89533042907715
                ],
                [
                    -1.0424308776855469,
                    -26.826309204101562
                ],
                [
                    -1.8169597387313843,
                    -26.67499351501465
                ],
                [
                    -2.582425594329834,
                    -26.441917419433594
                ],
                [
                    -3.335000514984131,
                    -26.127899169921875
                ],
                [
                    -4.070911407470703,
                    -25.734046936035156
                ],
                [
                    -4.786455154418945,
                    -25.261743545532227
                ],
                [
                    -5.47801399230957,
                    -24.7126522064209
                ],
                [
                    -6.142071723937988,
                    -24.088701248168945
                ],
                [
                    -6.775228023529053,
                    -23.392086029052734
                ],
                [
                    -7.374213218688965,
                    -22.62525177001953
                ],
                [
                    -7.935901641845703,
                    -21.79088592529297
                ],
                [
                    -8.457324981689453,
                    -20.891918182373047
                ],
                [
                    -8.935686111450195,
                    -19.93149185180664
                ],
                [
                    -9.368368148803711,
                    -18.9129695892334
                ],
                [
                    -9.752950668334961,
                    -17.83991050720215
                ],
                [
                    -10.087215423583984,
                    -16.7160587310791
                ],
                [
                    -10.369157791137695,
                    -15.545330047607422
                ],
                [
                    -10.59699535369873,
                    -14.331801414489746
                ],
                [
                    -10.76917839050293,
                    -13.079686164855957
                ],
                [
                    -10.884392738342285,
                    -11.793327331542969
                ],
                [
                    -10.941566467285156,
                    -10.477176666259766
                ],
                [
                    -10.939878463745117,
                    -9.135780334472656
                ],
                [
                    -10.878759384155273,
                    -7.7737603187561035
                ],
                [
                    -10.757895469665527,
                    -6.3957977294921875
                ],
                [
                    -10.577230453491211,
                    -5.006616592407227
                ],
                [
                    -10.336966514587402,
                    -3.610964775085449
                ],
                [
                    -10.037564277648926,
                    -2.213597297668457
                ],
                [
                    -9.679740905761719,
                    -0.819257915019989
                ],
                [
                    -9.264471054077148,
                    0.5673370361328125
                ],
                [
                    -8.79297924041748,
                    1.9415173530578613
                ],
                [
                    -8.266737937927246,
                    3.298675775527954
                ],
                [
                    -7.68746280670166,
                    4.634284019470215
                ],
                [
                    -7.057106018066406,
                    5.943911075592041
                ],
                [
                    -6.377847671508789,
                    7.223238468170166
                ],
                [
                    -5.652090072631836,
                    8.468074798583984
                ],
                [
                    -4.882445812225342,
                    9.674373626708984
                ],
                [
                    -4.071732044219971,
                    10.838245391845703
                ],
                [
                    -3.222954511642456,
                    11.955974578857422
                ],
                [
                    -2.3393006324768066,
                    13.024029731750488
                ],
                [
                    -1.4241247177124023,
                    14.039076805114746
                ],
                [
                    -0.48093563318252563,
                    14.997994422912598
                ],
                [
                    0.48661673069000244,
                    15.897879600524902
                ],
                [
                    1.4747556447982788,
                    16.736061096191406
                ],
                [
                    2.4795925617218018,
                    17.51011085510254
                ],
                [
                    3.4971420764923096,
                    18.217845916748047
                ],
                [
                    4.5233378410339355,
                    18.85733985900879
                ],
                [
                    5.554047584533691,
                    19.426931381225586
                ],
                [
                    6.5850911140441895,
                    19.92522621154785
                ],
                [
                    7.612256050109863,
                    20.351097106933594
                ],
                [
                    8.63131332397461,
                    20.703697204589844
                ],
                [
                    9.638036727905273,
                    20.98245620727539
                ],
                [
                    10.628216743469238,
                    21.187084197998047
                ],
                [
                    11.597679138183594,
                    21.317564010620117
                ],
                [
                    12.542302131652832,
                    21.374160766601562
                ],
                [
                    13.458030700683594,
                    21.357412338256836
                ],
                [
                    14.340897560119629,
                    21.268131256103516
                ],
                [
                    15.187031745910645,
                    21.107397079467773
                ],
                [
                    15.992681503295898,
                    20.87655258178711
                ],
                [
                    16.75422477722168,
                    20.577192306518555
                ],
                [
                    17.468189239501953,
                    20.21116828918457
                ],
                [
                    18.13125991821289,
                    19.78056526184082
                ],
                [
                    18.740299224853516,
                    19.287708282470703
                ],
                [
                    19.29235076904297,
                    18.735136032104492
                ],
                [
                    19.78466796875,
                    18.1256046295166
                ],
                [
                    20.214706420898438,
                    17.462068557739258
                ],
                [
                    20.58014678955078,
                    16.747665405273438
                ],
                [
                    20.87890625,
                    15.98571491241455
                ],
                [
                    21.1091365814209,
                    15.179689407348633
                ],
                [
                    21.269241333007812,
                    14.333211898803711
                ],
                [
                    21.357881546020508,
                    13.450037002563477
                ],
                [
                    21.373981475830078,
                    12.53403377532959
                ],
                [
                    21.316730499267578,
                    11.589171409606934
                ],
                [
                    21.185592651367188,
                    10.6195068359375
                ],
                [
                    20.98030662536621,
                    9.629161834716797
                ],
                [
                    20.700889587402344,
                    8.622310638427734
                ],
                [
                    20.34763526916504,
                    7.6031622886657715
                ],
                [
                    19.921117782592773,
                    6.575944900512695
                ],
                [
                    19.42218589782715,
                    5.544885635375977
                ],
                [
                    18.851966857910156,
                    4.51419734954834
                ],
                [
                    18.21185874938965,
                    3.488060712814331
                ],
                [
                    17.503524780273438,
                    2.4706063270568848
                ],
                [
                    16.728897094726562,
                    1.465900182723999
                ],
                [
                    15.890154838562012,
                    0.4779270589351654
                ],
                [
                    14.98973274230957,
                    -0.4894253611564636
                ],
                [
                    14.030303955078125,
                    -1.432381510734558
                ],
                [
                    13.014771461486816,
                    -2.34729266166687
                ],
                [
                    11.946261405944824,
                    -3.230651378631592
                ],
                [
                    10.828106880187988,
                    -4.079104423522949
                ],
                [
                    9.663841247558594,
                    -4.889466762542725
                ],
                [
                    8.457182884216309,
                    -5.658732891082764
                ],
                [
                    7.212021827697754,
                    -6.38408899307251
                ],
                [
                    5.932406902313232,
                    -7.062923431396484
                ],
                [
                    4.62252950668335,
                    -7.692835807800293
                ],
                [
                    3.286710262298584,
                    -8.271647453308105
                ],
                [
                    1.9293806552886963,
                    -8.797410011291504
                ],
                [
                    0.5550696849822998,
                    -9.26840877532959
                ],
                [
                    -0.8316147327423096,
                    -9.683173179626465
                ],
                [
                    -2.226001739501953,
                    -10.040481567382812
                ],
                [
                    -3.6233749389648438,
                    -10.339361190795898
                ],
                [
                    -5.018990516662598,
                    -10.579097747802734
                ],
                [
                    -6.408092498779297,
                    -10.759232521057129
                ],
                [
                    -7.7859344482421875,
                    -10.879565238952637
                ],
                [
                    -9.147791862487793,
                    -10.940154075622559
                ],
                [
                    -10.488984107971191,
                    -10.941316604614258
                ],
                [
                    -11.804889678955078,
                    -10.883623123168945
                ],
                [
                    -13.090964317321777,
                    -10.767898559570312
                ],
                [
                    -14.342755317687988,
                    -10.59521484375
                ],
                [
                    -15.555922508239746,
                    -10.366888999938965
                ],
                [
                    -16.72625160217285,
                    -10.084473609924316
                ],
                [
                    -17.849668502807617,
                    -9.749753952026367
                ],
                [
                    -18.922260284423828,
                    -9.364733695983887
                ],
                [
                    -19.940282821655273,
                    -8.931634902954102
                ],
                [
                    -20.900177001953125,
                    -8.452879905700684
                ],
                [
                    -21.798585891723633,
                    -7.93108606338501
                ],
                [
                    -22.63236427307129,
                    -7.369052886962891
                ],
                [
                    -23.39858627319336,
                    -6.769750595092773
                ],
                [
                    -24.094566345214844,
                    -6.13630485534668
                ],
                [
                    -24.71786117553711,
                    -5.471987724304199
                ],
                [
                    -25.266279220581055,
                    -4.780200004577637
                ],
                [
                    -25.737892150878906,
                    -4.064459800720215
                ],
                [
                    -26.13104248046875,
                    -3.3283843994140625
                ],
                [
                    -26.444345474243164,
                    -2.5756781101226807
                ],
                [
                    -26.676698684692383,
                    -1.810114860534668
                ],
                [
                    -26.827285766601562,
                    -1.0355228185653687
                ],
                [
                    -26.89557456970215,
                    -0.2557680606842041
                ],
                [
                    -26.881324768066406,
                    0.525261640548706
                ],
                [
                    -26.78458595275879,
                    1.3036730289459229
                ],
                [
                    -26.605701446533203,
                    2.0755839347839355
                ],
                [
                    -26.345298767089844,
                    2.837139368057251
                ],
                [
                    -26.004295349121094,
                    3.5845284461975098
                ],
                [
                    -25.583890914916992,
                    4.313999176025391
                ],
                [
                    -25.0855655670166,
                    5.021875858306885
                ],
                [
                    -24.511072158813477,
                    5.704573154449463
                ],
                [
                    -23.8624267578125,
                    6.358612537384033
                ],
                [
                    -23.14191246032715,
                    6.980635166168213
                ],
                [
                    -22.352054595947266,
                    7.567419052124023
                ],
                [
                    -21.49562644958496,
                    8.115889549255371
                ],
                [
                    -20.57562828063965,
                    8.62313461303711
                ],
                [
                    -19.595279693603516,
                    9.086416244506836
                ],
                [
                    -18.55801010131836,
                    9.503183364868164
                ],
                [
                    -17.46744155883789,
                    9.871081352233887
                ],
                [
                    -16.327381134033203,
                    10.187963485717773
                ],
                [
                    -15.14179801940918,
                    10.451898574829102
                ],
                [
                    -13.914815902709961,
                    10.661181449890137
                ],
                [
                    -12.650693893432617,
                    10.814340591430664
                ],
                [
                    -11.353815078735352,
                    10.91014289855957
                ],
                [
                    -10.02866268157959,
                    10.947601318359375
                ],
                [
                    -8.679811477661133,
                    10.92597770690918
                ],
                [
                    -7.3119049072265625,
                    10.844789505004883
                ],
                [
                    -5.929641246795654,
                    10.703808784484863
                ],
                [
                    -4.537753105163574,
                    10.50306510925293
                ],
                [
                    -3.14099383354187,
                    10.24284839630127
                ],
                [
                    -1.7441163063049316,
                    9.923707008361816
                ],
                [
                    -0.3518570065498352,
                    9.546443939208984
                ],
                [
                    1.0310814380645752,
                    9.112117767333984
                ],
                [
                    2.400048017501831,
                    8.622036933898926
                ],
                [
                    3.750459909439087,
                    8.077757835388184
                ],
                [
                    5.077820301055908,
                    7.481074810028076
                ],
                [
                    6.3777337074279785,
                    6.834018230438232
                ],
                [
                    7.645922660827637,
                    6.138843536376953
                ],
                [
                    8.878243446350098,
                    5.398025035858154
                ],
                [
                    10.070699691772461,
                    4.614245414733887
                ],
                [
                    11.219460487365723,
                    3.790386199951172
                ],
                [
                    12.320868492126465,
                    2.929515838623047
                ],
                [
                    13.371459007263184,
                    2.034879207611084
                ],
                [
                    14.36796760559082,
                    1.1098836660385132
                ],
                [
                    15.307345390319824,
                    0.15808741748332977
                ],
                [
                    16.186767578125,
                    -0.8168154358863831
                ],
                [
                    17.00364112854004,
                    -1.8110089302062988
                ],
                [
                    17.755619049072266,
                    -2.820570230484009
                ],
                [
                    18.44060707092285,
                    -3.841484785079956
                ],
                [
                    19.056766510009766,
                    -4.869662284851074
                ],
                [
                    19.602523803710938,
                    -5.9009528160095215
                ],
                [
                    20.07657241821289,
                    -6.931163311004639
                ],
                [
                    20.47788429260254,
                    -7.956073760986328
                ],
                [
                    20.805702209472656,
                    -8.971454620361328
                ],
                [
                    21.059551239013672,
                    -9.973082542419434
                ],
                [
                    21.23923110961914,
                    -10.956758499145508
                ],
                [
                    21.344820022583008,
                    -11.918325424194336
                ],
                [
                    21.376678466796875,
                    -12.853679656982422
                ],
                [
                    21.335433959960938,
                    -13.758795738220215
                ],
                [
                    21.22199058532715,
                    -14.629734992980957
                ],
                [
                    21.03751564025879,
                    -15.462667465209961
                ],
                [
                    20.783437728881836,
                    -16.253881454467773
                ],
                [
                    20.461441040039062,
                    -16.999805450439453
                ],
                [
                    20.073455810546875,
                    -17.6970157623291
                ],
                [
                    19.621646881103516,
                    -18.342256546020508
                ],
                [
                    19.10841178894043,
                    -18.932451248168945
                ],
                [
                    18.536367416381836,
                    -19.464712142944336
                ],
                [
                    17.908336639404297,
                    -19.936357498168945
                ],
                [
                    17.22733497619629,
                    -20.344919204711914
                ],
                [
                    16.496562957763672,
                    -20.688156127929688
                ],
                [
                    15.71939468383789,
                    -20.96406364440918
                ],
                [
                    14.899354934692383,
                    -21.170875549316406
                ],
                [
                    14.040111541748047,
                    -21.307085037231445
                ],
                [
                    13.145459175109863,
                    -21.371437072753906
                ],
                [
                    12.219303131103516,
                    -21.362945556640625
                ],
                [
                    11.265644073486328,
                    -21.280893325805664
                ],
                [
                    10.28856086730957,
                    -21.124835968017578
                ],
                [
                    9.292197227478027,
                    -20.89460563659668
                ],
                [
                    8.280739784240723,
                    -20.590309143066406
                ],
                [
                    7.258405685424805,
                    -20.212339401245117
                ],
                [
                    6.229424476623535,
                    -19.76136016845703
                ],
                [
                    5.198021411895752,
                    -19.23831558227539
                ],
                [
                    4.168399333953857,
                    -18.644424438476562
                ],
                [
                    3.1447243690490723,
                    -17.981172561645508
                ],
                [
                    2.1311070919036865,
                    -17.25031852722168
                ],
                [
                    1.131588101387024,
                    -16.45387077331543
                ],
                [
                    0.15012095868587494,
                    -15.594103813171387
                ],
                [
                    -0.8094424605369568,
                    -14.673528671264648
                ],
                [
                    -1.7433677911758423,
                    -13.694896697998047
                ],
                [
                    -2.6480519771575928,
                    -12.661189079284668
                ],
                [
                    -3.52003812789917,
                    -11.575601577758789
                ],
                [
                    -4.3560285568237305,
                    -10.441535949707031
                ],
                [
                    -5.152896404266357,
                    -9.262590408325195
                ],
                [
                    -5.907700061798096,
                    -8.04254150390625
                ],
                [
                    -6.617692470550537,
                    -6.785334587097168
                ],
                [
                    -7.280331611633301,
                    -5.495068073272705
                ],
                [
                    -7.893291473388672,
                    -4.175978660583496
                ],
                [
                    -8.454468727111816,
                    -2.832425832748413
                ],
                [
                    -8.961993217468262,
                    -1.4688758850097656
                ],
                [
                    -9.414233207702637,
                    -0.08988605439662933
                ],
                [
                    -9.809800148010254,
                    1.2999125719070435
                ],
                [
                    -10.147554397583008,
                    2.6958320140838623
                ],
                [
                    -10.42661190032959,
                    4.093144416809082
                ],
                [
                    -10.646343231201172,
                    5.487100124359131
                ],
                [
                    -10.806376457214355,
                    6.872944355010986
                ],
                [
                    -10.906598091125488,
                    8.245936393737793
                ],
                [
                    -10.94715404510498,
                    9.601364135742188
                ],
                [
                    -10.928446769714355,
                    10.934564590454102
                ],
                [
                    -10.851133346557617,
                    12.240941047668457
                ],
                [
                    -10.7161226272583,
                    13.51597785949707
                ],
                [
                    -10.524567604064941,
                    14.755258560180664
                ],
                [
                    -10.277867317199707,
                    15.954483985900879
                ],
                [
                    -9.977651596069336,
                    17.10948371887207
                ],
                [
                    -9.625781059265137,
                    18.216238021850586
                ],
                [
                    -9.224334716796875,
                    19.270885467529297
                ],
                [
                    -8.775601387023926,
                    20.269746780395508
                ],
                [
                    -8.282071113586426,
                    21.20932960510254
                ],
                [
                    -7.746424198150635,
                    22.08634376525879
                ],
                [
                    -7.171518325805664,
                    22.897716522216797
                ],
                [
                    -6.56037712097168,
                    23.640605926513672
                ],
                [
                    -5.916177749633789,
                    24.312402725219727
                ],
                [
                    -5.242237091064453,
                    24.910747528076172
                ],
                [
                    -4.541996479034424,
                    25.43353843688965
                ],
                [
                    -3.8190090656280518,
                    25.878936767578125
                ],
                [
                    -3.0769236087799072,
                    26.24537467956543
                ],
                [
                    -2.319469451904297,
                    26.531564712524414
                ],
                [
                    -1.5504404306411743,
                    26.73649787902832
                ],
                [
                    -0.7736793160438538,
                    26.859453201293945
                ],
                [
                    0.006938725709915161,
                    26.899995803833008
                ],
                [
                    0.7875221371650696,
                    26.857986450195312
                ],
                [
                    1.5641796588897705,
                    26.733570098876953
                ],
                [
                    2.333036422729492,
                    26.52718734741211
                ],
                [
                    3.0902504920959473,
                    26.23956298828125
                ],
                [
                    3.832029104232788,
                    25.8717098236084
                ],
                [
                    4.5546441078186035,
                    25.424922943115234
                ],
                [
                    5.254447937011719,
                    24.900772094726562
                ],
                [
                    5.927890300750732,
                    24.301103591918945
                ],
                [
                    6.571530818939209,
                    23.628023147583008
                ],
                [
                    7.182055473327637,
                    22.883893966674805
                ],
                [
                    7.756290435791016,
                    22.07132911682129
                ],
                [
                    8.291213035583496,
                    21.19317626953125
                ],
                [
                    8.783970832824707,
                    20.252511978149414
                ],
                [
                    9.231884956359863,
                    19.252628326416016
                ],
                [
                    9.63247013092041,
                    18.197021484375
                ],
                [
                    9.983441352844238,
                    17.08937644958496
                ],
                [
                    10.282721519470215,
                    15.933555603027344
                ],
                [
                    10.52845573425293,
                    14.733582496643066
                ],
                [
                    10.719017028808594,
                    13.49362850189209
                ],
                [
                    10.853013038635254,
                    12.217996597290039
                ],
                [
                    10.929292678833008,
                    10.911103248596191
                ],
                [
                    10.946952819824219,
                    9.577467918395996
                ],
                [
                    10.905339241027832,
                    8.221687316894531
                ],
                [
                    10.804055213928223,
                    6.84842586517334
                ],
                [
                    10.642960548400879,
                    5.462395668029785
                ],
                [
                    10.422171592712402,
                    4.068338871002197
                ],
                [
                    10.142065048217773,
                    2.6710097789764404
                ],
                [
                    9.803274154663086,
                    1.2751580476760864
                ],
                [
                    9.40669059753418,
                    -0.11448933929204941
                ],
                [
                    8.953455924987793,
                    -1.4932451248168945
                ],
                [
                    8.444963455200195,
                    -2.8564794063568115
                ],
                [
                    7.882849216461182,
                    -4.199636459350586
                ],
                [
                    7.268987655639648,
                    -5.518251419067383
                ],
                [
                    6.605486869812012,
                    -6.807967185974121
                ],
                [
                    5.8946757316589355,
                    -8.064549446105957
                ],
                [
                    5.139100074768066,
                    -9.283902168273926
                ],
                [
                    4.341510772705078,
                    -10.462082862854004
                ],
                [
                    3.5048534870147705,
                    -11.595317840576172
                ],
                [
                    2.6322572231292725,
                    -12.680013656616211
                ],
                [
                    1.7270228862762451,
                    -13.712770462036133
                ],
                [
                    0.7926104068756104,
                    -14.69039535522461
                ],
                [
                    -0.16737504303455353,
                    -15.609914779663086
                ],
                [
                    -1.149196743965149,
                    -16.468578338623047
                ],
                [
                    -2.149000883102417,
                    -17.263877868652344
                ],
                [
                    -3.162832498550415,
                    -17.993549346923828
                ],
                [
                    -4.186649322509766,
                    -18.65558433532715
                ],
                [
                    -5.216339111328125,
                    -19.24822998046875
                ],
                [
                    -6.247735977172852,
                    -19.770002365112305
                ],
                [
                    -7.276636123657227,
                    -20.21969223022461
                ],
                [
                    -8.298813819885254,
                    -20.596359252929688
                ],
                [
                    -9.310039520263672,
                    -20.899341583251953
                ],
                [
                    -10.306097984313965,
                    -21.12825584411621
                ],
                [
                    -11.282800674438477,
                    -21.282995223999023
                ],
                [
                    -12.236005783081055,
                    -21.363737106323242
                ],
                [
                    -13.161637306213379,
                    -21.370927810668945
                ],
                [
                    -14.055694580078125,
                    -21.305288314819336
                ],
                [
                    -14.914274215698242,
                    -21.167814254760742
                ],
                [
                    -15.7335844039917,
                    -20.959760665893555
                ],
                [
                    -16.509958267211914,
                    -20.682641983032227
                ],
                [
                    -17.2398738861084,
                    -20.338226318359375
                ],
                [
                    -17.919963836669922,
                    -19.92852210998535
                ],
                [
                    -18.547025680541992,
                    -19.455778121948242
                ],
                [
                    -19.11804962158203,
                    -18.92246437072754
                ],
                [
                    -19.63021469116211,
                    -18.331266403198242
                ],
                [
                    -20.080909729003906,
                    -17.685075759887695
                ],
                [
                    -20.467742919921875,
                    -16.986970901489258
                ],
                [
                    -20.788549423217773,
                    -16.240211486816406
                ],
                [
                    -21.041404724121094,
                    -15.448225021362305
                ],
                [
                    -21.22463035583496,
                    -14.614584922790527
                ],
                [
                    -21.33679962158203,
                    -13.74300479888916
                ],
                [
                    -21.376752853393555,
                    -12.837316513061523
                ],
                [
                    -21.343589782714844,
                    -11.901461601257324
                ],
                [
                    -21.23668670654297,
                    -10.93946647644043
                ],
                [
                    -21.055688858032227,
                    -9.955434799194336
                ],
                [
                    -20.80052375793457,
                    -8.95352554321289
                ],
                [
                    -20.47139549255371,
                    -7.937938690185547
                ],
                [
                    -20.068784713745117,
                    -6.912897109985352
                ],
                [
                    -19.59345054626465,
                    -5.882630825042725
                ],
                [
                    -19.046432495117188,
                    -4.851358890533447
                ],
                [
                    -18.429035186767578,
                    -3.823274612426758
                ],
                [
                    -17.742841720581055,
                    -2.8025262355804443
                ],
                [
                    -16.98969078063965,
                    -1.7932031154632568
                ],
                [
                    -16.17168426513672,
                    -0.7993183732032776
                ],
                [
                    -15.291173934936523,
                    0.1752069890499115
                ],
                [
                    -14.350756645202637,
                    1.1265590190887451
                ],
                [
                    -13.353259086608887,
                    2.0510458946228027
                ],
                [
                    -12.301737785339355,
                    2.9451119899749756
                ],
                [
                    -11.199457168579102,
                    3.8053529262542725
                ],
                [
                    -10.049888610839844,
                    4.62852668762207
                ],
                [
                    -8.856689453125,
                    5.411567687988281
                ],
                [
                    -7.623696327209473,
                    6.15159797668457
                ],
                [
                    -6.354907512664795,
                    6.845938682556152
                ],
                [
                    -5.054469108581543,
                    7.492119789123535
                ],
                [
                    -3.7266602516174316,
                    8.087888717651367
                ],
                [
                    -2.3758792877197266,
                    8.631219863891602
                ],
                [
                    -1.0066243410110474,
                    9.120323181152344
                ],
                [
                    0.37652045488357544,
                    9.553646087646484
                ],
                [
                    1.7689028978347778,
                    9.929885864257812
                ],
                [
                    3.1658198833465576,
                    10.247986793518066
                ],
                [
                    4.562534332275391,
                    10.507150650024414
                ],
                [
                    5.954292297363281,
                    10.70683479309082
                ],
                [
                    7.3363423347473145,
                    10.846753120422363
                ],
                [
                    8.703950881958008,
                    10.926880836486816
                ],
                [
                    10.052421569824219,
                    10.947449684143066
                ],
                [
                    11.377111434936523,
                    10.908947944641113
                ],
                [
                    12.673447608947754,
                    10.812116622924805
                ],
                [
                    13.936946868896484,
                    10.657949447631836
                ],
                [
                    15.163230895996094,
                    10.447681427001953
                ],
                [
                    16.348041534423828,
                    10.182790756225586
                ],
                [
                    17.48725700378418,
                    9.864985466003418
                ],
                [
                    18.5769100189209,
                    9.496200561523438
                ],
                [
                    19.613201141357422,
                    9.078585624694824
                ],
                [
                    20.592506408691406,
                    8.614500045776367
                ],
                [
                    21.511404037475586,
                    8.106497764587402
                ],
                [
                    22.366674423217773,
                    7.557321071624756
                ],
                [
                    23.155323028564453,
                    6.969884395599365
                ],
                [
                    23.874584197998047,
                    6.347264289855957
                ],
                [
                    24.521930694580078,
                    5.692686080932617
                ],
                [
                    25.0950870513916,
                    5.0095109939575195
                ],
                [
                    25.592042922973633,
                    4.3012189865112305
                ],
                [
                    26.011049270629883,
                    3.5713977813720703
                ],
                [
                    26.350629806518555,
                    2.8237240314483643
                ],
                [
                    26.60959243774414,
                    2.061951160430908
                ],
                [
                    26.787023544311523,
                    1.289891242980957
                ],
                [
                    26.88229751586914,
                    0.5113993883132935
                ],
                [
                    26.89508056640625,
                    -0.26964160799980164
                ],
                [
                    26.825326919555664,
                    -1.0493385791778564
                ],
                [
                    26.673282623291016,
                    -1.8238039016723633
                ],
                [
                    26.439483642578125,
                    -2.589171886444092
                ],
                [
                    26.1247501373291,
                    -3.3416154384613037
                ],
                [
                    25.730194091796875,
                    -4.077361583709717
                ],
                [
                    25.2572021484375,
                    -4.792707920074463
                ],
                [
                    24.707435607910156,
                    -5.48403787612915
                ],
                [
                    24.08283233642578,
                    -6.147836208343506
                ],
                [
                    23.385581970214844,
                    -6.780703067779541
                ],
                [
                    22.618133544921875,
                    -7.37937068939209
                ],
                [
                    21.78318214416504,
                    -7.940714359283447
                ],
                [
                    20.88365364074707,
                    -8.461767196655273
                ],
                [
                    19.92269515991211,
                    -8.939733505249023
                ],
                [
                    18.90367317199707,
                    -9.371999740600586
                ],
                [
                    17.83014678955078,
                    -9.756144523620605
                ],
                [
                    16.705860137939453,
                    -10.08995246887207
                ],
                [
                    15.534734725952148,
                    -10.371421813964844
                ],
                [
                    14.320843696594238,
                    -10.598772048950195
                ],
                [
                    13.068405151367188,
                    -10.770454406738281
                ],
                [
                    11.78176212310791,
                    -10.885156631469727
                ],
                [
                    10.465367317199707,
                    -10.941811561584473
                ],
                [
                    9.123767852783203,
                    -10.939598083496094
                ],
                [
                    7.761585235595703,
                    -10.877949714660645
                ],
                [
                    6.383502006530762,
                    -10.75655460357666
                ],
                [
                    4.9942426681518555,
                    -10.575358390808105
                ],
                [
                    3.5985546112060547,
                    -10.334567070007324
                ],
                [
                    2.201192855834961,
                    -10.034642219543457
                ],
                [
                    0.806901752948761,
                    -9.67630386352539
                ],
                [
                    -0.5796034336090088,
                    -9.260528564453125
                ],
                [
                    -1.9536527395248413,
                    -8.788543701171875
                ],
                [
                    -3.3106393814086914,
                    -8.261823654174805
                ],
                [
                    -4.646036624908447,
                    -7.682085990905762
                ],
                [
                    -5.955413341522217,
                    -7.0512847900390625
                ],
                [
                    -7.234452247619629,
                    -6.371603012084961
                ],
                [
                    -8.478963851928711,
                    -5.645443439483643
                ],
                [
                    -9.684903144836426,
                    -4.87542200088501
                ],
                [
                    -10.848381042480469,
                    -4.064356327056885
                ],
                [
                    -11.96568489074707,
                    -3.215254783630371
                ],
                [
                    -13.033282279968262,
                    -2.331305980682373
                ],
                [
                    -14.047844886779785,
                    -1.4158656597137451
                ],
                [
                    -15.006250381469727,
                    -0.47244396805763245
                ],
                [
                    -15.905598640441895,
                    0.4953080117702484
                ],
                [
                    -16.743221282958984,
                    1.4836125373840332
                ],
                [
                    -17.516691207885742,
                    2.4885802268981934
                ],
                [
                    -18.22382926940918,
                    3.5062243938446045
                ],
                [
                    -18.862709045410156,
                    4.532478332519531
                ],
                [
                    -19.431673049926758,
                    5.563209533691406
                ],
                [
                    -19.9293270111084,
                    6.594237327575684
                ],
                [
                    -20.354551315307617,
                    7.621348857879639
                ],
                [
                    -20.706499099731445,
                    8.640315055847168
                ],
                [
                    -20.984600067138672,
                    9.646909713745117
                ],
                [
                    -21.188568115234375,
                    10.636923789978027
                ],
                [
                    -21.318389892578125,
                    11.606184005737305
                ],
                [
                    -21.374332427978516,
                    12.550567626953125
                ],
                [
                    -21.356937408447266,
                    13.466022491455078
                ],
                [
                    -21.267017364501953,
                    14.348579406738281
                ],
                [
                    -21.105653762817383,
                    15.19437026977539
                ],
                [
                    -20.874191284179688,
                    15.99964427947998
                ],
                [
                    -20.57423210144043,
                    16.760780334472656
                ],
                [
                    -20.207624435424805,
                    17.474308013916016
                ],
                [
                    -19.776458740234375,
                    18.136911392211914
                ],
                [
                    -19.283058166503906,
                    18.74545669555664
                ],
                [
                    -18.729969024658203,
                    19.2969913482666
                ],
                [
                    -18.119945526123047,
                    19.78876495361328
                ],
                [
                    -17.455942153930664,
                    20.218238830566406
                ],
                [
                    -16.74110221862793,
                    20.583097457885742
                ],
                [
                    -15.978744506835938,
                    20.881256103515625
                ],
                [
                    -15.172343254089355,
                    21.110868453979492
                ],
                [
                    -14.32552433013916,
                    21.270343780517578
                ],
                [
                    -13.44204044342041,
                    21.35834503173828
                ],
                [
                    -12.525762557983398,
                    21.373796463012695
                ],
                [
                    -11.580662727355957,
                    21.31589126586914
                ],
                [
                    -10.610795974731445,
                    21.18409538269043
                ],
                [
                    -9.620285987854004,
                    20.978151321411133
                ],
                [
                    -8.613306999206543,
                    20.698076248168945
                ],
                [
                    -7.59406852722168,
                    20.344167709350586
                ],
                [
                    -6.566797733306885,
                    19.917003631591797
                ],
                [
                    -5.535723686218262,
                    19.41743278503418
                ],
                [
                    -4.505057334899902,
                    18.846586227416992
                ],
                [
                    -3.4789798259735107,
                    18.20586395263672
                ],
                [
                    -2.461620807647705,
                    17.49693489074707
                ],
                [
                    -1.4570459127426147,
                    16.721725463867188
                ],
                [
                    -0.4692389965057373,
                    15.882425308227539
                ],
                [
                    0.4979131817817688,
                    14.981467247009277
                ],
                [
                    1.4406360387802124,
                    14.021527290344238
                ],
                [
                    2.3552823066711426,
                    13.005510330200195
                ],
                [
                    3.2383453845977783,
                    11.936543464660645
                ],
                [
                    4.0864739418029785,
                    10.817963600158691
                ],
                [
                    4.896484375,
                    9.653305053710938
                ],
                [
                    5.665372371673584,
                    8.446287155151367
                ],
                [
                    6.390326499938965,
                    7.200802326202393
                ],
                [
                    7.068736553192139,
                    5.920899868011475
                ],
                [
                    7.698204517364502,
                    4.610773086547852
                ],
                [
                    8.2765531539917,
                    3.27474308013916
                ],
                [
                    8.801836967468262,
                    1.9172426462173462
                ],
                [
                    9.27234172821045,
                    0.5428013205528259
                ],
                [
                    9.686601638793945,
                    -0.8439720869064331
                ],
                [
                    10.043394088745117,
                    -2.2384064197540283
                ],
                [
                    10.341752052307129,
                    -3.6357851028442383
                ],
                [
                    10.580961227416992,
                    -5.031363487243652
                ],
                [
                    10.760564804077148,
                    -6.420386791229248
                ],
                [
                    10.880366325378418,
                    -7.798107147216797
                ],
                [
                    10.940425872802734,
                    -9.159801483154297
                ],
                [
                    10.941061973571777,
                    -10.500789642333984
                ],
                [
                    10.88284969329834,
                    -11.816450119018555
                ],
                [
                    10.766613960266113,
                    -13.102239608764648
                ],
                [
                    10.593429565429688,
                    -14.353706359863281
                ],
                [
                    10.364616394042969,
                    -15.566512107849121
                ],
                [
                    10.0817289352417,
                    -16.73644256591797
                ],
                [
                    9.746552467346191,
                    -17.859424591064453
                ],
                [
                    9.361095428466797,
                    -18.931547164916992
                ],
                [
                    8.927579879760742,
                    -19.949068069458008
                ],
                [
                    8.448431015014648,
                    -20.908432006835938
                ],
                [
                    7.926267147064209,
                    -21.8062801361084
                ],
                [
                    7.363889694213867,
                    -22.63947105407715
                ],
                [
                    6.764269828796387,
                    -23.405080795288086
                ],
                [
                    6.13053560256958,
                    -24.100425720214844
                ],
                [
                    5.465959548950195,
                    -24.723064422607422
                ],
                [
                    4.7739434242248535,
                    -25.27080726623535
                ],
                [
                    4.058006286621094,
                    -25.741731643676758
                ],
                [
                    3.3217668533325195,
                    -26.134178161621094
                ],
                [
                    2.568929672241211,
                    -26.446765899658203
                ],
                [
                    1.803269386291504,
                    -26.67839813232422
                ],
                [
                    1.0286144018173218,
                    -26.82825469970703
                ],
                [
                    0.2488311380147934,
                    -26.895811080932617
                ]
            ],
            "symbol": "circle",
            "symbolSize": 10,
            "type": "scatter"
        }
    ]
}